trip_id,train_number,route_name,headsign,direction_id,service_id,service_date,stop_sequence,stop_name,stop_gtfs_id,stop_code,platform,scheduled_arrival,scheduled_departure,realtime_arrival,realtime_departure,arrival_delay,departure_delay,realtime_state,scheduled_arrival_time,scheduled_departure_time,realtime_arrival_time,realtime_departure_time,collection_timestamp,data_source,collector_version
1:30033754,802 MECSEK InterCity,IC MECSEK,Pécs,,1:2248,2026-03-14,0,Budapest-Déli,1:005501016_3,,3,29100,29100,29160,29160,60,60,MODIFIED,08:05:00,08:05:00,08:06:00,08:06:00,2026-03-14 12:47:25.792279,mav_graphql_api,1.0
1:30033754,802 MECSEK InterCity,IC MECSEK,Pécs,,1:2248,2026-03-14,1,Budapest-Kelenföld,1:005501024_6,,6,29460,29520,29580,29700,120,180,MODIFIED,08:11:00,08:12:00,08:13:00,08:15:00,2026-03-14 12:47:25.792279,mav_graphql_api,1.0
1:30033754,802 MECSEK InterCity,IC MECSEK,Pécs,,1:2248,2026-03-14,2,Sárbogárd,1:005505926_5,,5,32280,32400,32520,32700,240,300,MODIFIED,08:58:00,09:00:00,09:02:00,09:05:00,2026-03-14 12:47:25.792279,mav_graphql_api,1.0
1:30033754,802 MECSEK InterCity,IC MECSEK,Pécs,,1:2248,2026-03-14,3,Dombóvár,1:005506189_4,,4,35520,35580,36060,36360,540,780,MODIFIED,09:52:00,09:53:00,10:01:00,10:06:00,2026-03-14 12:47:25.792279,mav_graphql_api,1.0
1:30033754,802 MECSEK InterCity,IC MECSEK,Pécs,,1:2248,2026-03-14,4,Szentlőrinc,1:005507260_2,,2,37380,37440,38340,38460,960,1020,MODIFIED,10:23:00,10:24:00,10:39:00,10:41:00,2026-03-14 12:47:25.792279,mav_graphql_api,1.0
1:30033754,802 MECSEK InterCity,IC MECSEK,Pécs,,1:2248,2026-03-14,5,Pécs,1:005507294_1,,1,38280,38280,39420,39420,1140,1140,MODIFIED,10:38:00,10:38:00,10:57:00,10:57:00,2026-03-14 12:47:25.792279,mav_graphql_api,1.0
1:30033773,807 MECSEK InterCity,IC MECSEK,Budapest-Déli,,1:2447,2026-03-14,0,Pécs,1:005507294_1,,1,26040,26040,26040,26040,0,0,MODIFIED,07:14:00,07:14:00,07:14:00,07:14:00,2026-03-14 12:47:25.792279,mav_graphql_api,1.0
1:30033773,807 MECSEK InterCity,IC MECSEK,Budapest-Déli,,1:2447,2026-03-14,1,Szentlőrinc,1:005507260_2,,2,26880,26940,26880,26940,0,0,MODIFIED,07:28:00,07:29:00,07:28:00,07:29:00,2026-03-14 12:47:25.792279,mav_graphql_api,1.0
1:30033773,807 MECSEK InterCity,IC MECSEK,Budapest-Déli,,1:2447,2026-03-14,2,Dombóvár,1:005506189_7,,7,29100,29160,28980,29160,-120,0,MODIFIED,08:05:00,08:06:00,08:03:00,08:06:00,2026-03-14 12:47:25.792279,mav_graphql_api,1.0
1:30033773,807 MECSEK InterCity,IC MECSEK,Budapest-Déli,,1:2447,2026-03-14,3,Sárbogárd,1:005505926_4,,4,32340,32400,32640,32820,300,420,MODIFIED,08:59:00,09:00:00,09:04:00,09:07:00,2026-03-14 12:47:25.792279,mav_graphql_api,1.0
1:30033773,807 MECSEK InterCity,IC MECSEK,Budapest-Déli,,1:2447,2026-03-14,4,Budapest-Kelenföld,1:005501024_5,,5,35160,35220,35520,35760,360,540,MODIFIED,09:46:00,09:47:00,09:52:00,09:56:00,2026-03-14 12:47:25.792279,mav_graphql_api,1.0
1:30033773,807 MECSEK InterCity,IC MECSEK,Budapest-Déli,,1:2447,2026-03-14,5,Budapest-Déli,1:005501016_5,,5,35640,35640,36360,36360,720,720,MODIFIED,09:54:00,09:54:00,10:06:00,10:06:00,2026-03-14 12:47:25.792279,mav_graphql_api,1.0
1:30033777,805 MECSEK InterCity,IC MECSEK,Budapest-Déli,,1:2447,2026-03-14,0,Pécs,1:005507294_1,,1,40440,40440,40440,40440,0,0,MODIFIED,11:14:00,11:14:00,11:14:00,11:14:00,2026-03-14 12:47:25.792279,mav_graphql_api,1.0
1:30033777,805 MECSEK InterCity,IC MECSEK,Budapest-Déli,,1:2447,2026-03-14,1,Szentlőrinc,1:005507260_2,,2,41280,41340,41280,41340,0,0,MODIFIED,11:28:00,11:29:00,11:28:00,11:29:00,2026-03-14 12:47:25.792279,mav_graphql_api,1.0
1:30033777,805 MECSEK InterCity,IC MECSEK,Budapest-Déli,,1:2447,2026-03-14,2,Dombóvár,1:005506189_7,,7,43500,43560,43380,43560,-120,0,MODIFIED,12:05:00,12:06:00,12:03:00,12:06:00,2026-03-14 12:47:25.792279,mav_graphql_api,1.0
1:30033777,805 MECSEK InterCity,IC MECSEK,Budapest-Déli,,1:2447,2026-03-14,3,Sárbogárd,1:005505926_4,,4,46740,46800,46920,46980,180,180,MODIFIED,12:59:00,13:00:00,13:02:00,13:03:00,2026-03-14 12:47:25.792279,mav_graphql_api,1.0
1:30033777,805 MECSEK InterCity,IC MECSEK,Budapest-Déli,,1:2447,2026-03-14,4,Budapest-Kelenföld,1:005501024_5,,5,49560,49620,49740,49800,180,180,MODIFIED,13:46:00,13:47:00,13:49:00,13:50:00,2026-03-14 12:47:25.792279,mav_graphql_api,1.0
1:30033777,805 MECSEK InterCity,IC MECSEK,Budapest-Déli,,1:2447,2026-03-14,5,Budapest-Déli,1:005501016_7,,7,50040,50040,50220,50220,180,180,MODIFIED,13:54:00,13:54:00,13:57:00,13:57:00,2026-03-14 12:47:25.792279,mav_graphql_api,1.0
1:30059271,804 MECSEK InterCity,IC MECSEK,Pécs,,1:2447,2026-03-14,0,Budapest-Déli,1:005501016_3,,3,43500,43500,43620,43620,120,120,MODIFIED,12:05:00,12:05:00,12:07:00,12:07:00,2026-03-14 12:47:25.792279,mav_graphql_api,1.0
1:30059271,804 MECSEK InterCity,IC MECSEK,Pécs,,1:2447,2026-03-14,1,Budapest-Kelenföld,1:005501024_6,,6,43860,43920,44100,44220,240,300,MODIFIED,12:11:00,12:12:00,12:15:00,12:17:00,2026-03-14 12:47:25.792279,mav_graphql_api,1.0
1:30059271,804 MECSEK InterCity,IC MECSEK,Pécs,,1:2447,2026-03-14,2,Sárbogárd,1:005505926_5,,5,46680,46800,46980,47100,300,300,MODIFIED,12:58:00,13:00:00,13:03:00,13:05:00,2026-03-14 12:47:25.792279,mav_graphql_api,1.0
1:30059271,804 MECSEK InterCity,IC MECSEK,Pécs,,1:2447,2026-03-14,3,Dombóvár,1:005506189_4,,4,49920,49980,50220,50280,300,300,MODIFIED,13:52:00,13:53:00,13:57:00,13:58:00,2026-03-14 12:47:25.792279,mav_graphql_api,1.0
1:30059271,804 MECSEK InterCity,IC MECSEK,Pécs,,1:2447,2026-03-14,4,Szentlőrinc,1:005507260_2,,2,51780,51840,52080,52140,300,300,MODIFIED,14:23:00,14:24:00,14:28:00,14:29:00,2026-03-14 12:47:25.792279,mav_graphql_api,1.0
1:30059271,804 MECSEK InterCity,IC MECSEK,Pécs,,1:2447,2026-03-14,5,Pécs,1:005507294_1,,1,52680,52680,52980,52980,300,300,MODIFIED,14:38:00,14:38:00,14:43:00,14:43:00,2026-03-14 12:47:25.792279,mav_graphql_api,1.0
1:30542750,800 MECSEK InterCity,IC MECSEK,Pécs,,1:2146,2026-03-14,0,Budapest-Keleti,1:005510017_0,,,21180,21180,21180,21180,0,0,SCHEDULED,05:53:00,05:53:00,05:53:00,05:53:00,2026-03-14 12:47:25.792279,mav_graphql_api,1.0
1:30542750,800 MECSEK InterCity,IC MECSEK,Pécs,,1:2146,2026-03-14,1,Budapest-Kelenföld,1:005501024_0,,,22080,22320,22080,22320,0,0,SCHEDULED,06:08:00,06:12:00,06:08:00,06:12:00,2026-03-14 12:47:25.792279,mav_graphql_api,1.0
1:30542750,800 MECSEK InterCity,IC MECSEK,Pécs,,1:2146,2026-03-14,2,Sárbogárd,1:005505926_0,,,25080,25200,25080,25200,0,0,SCHEDULED,06:58:00,07:00:00,06:58:00,07:00:00,2026-03-14 12:47:25.792279,mav_graphql_api,1.0
1:30542750,800 MECSEK InterCity,IC MECSEK,Pécs,,1:2146,2026-03-14,3,Dombóvár,1:005506189_0,,,28320,28380,28320,28380,0,0,SCHEDULED,07:52:00,07:53:00,07:52:00,07:53:00,2026-03-14 12:47:25.792279,mav_graphql_api,1.0
1:30542750,800 MECSEK InterCity,IC MECSEK,Pécs,,1:2146,2026-03-14,4,Szentlőrinc,1:005507260_0,,,30180,30240,30180,30240,0,0,SCHEDULED,08:23:00,08:24:00,08:23:00,08:24:00,2026-03-14 12:47:25.792279,mav_graphql_api,1.0
1:30542750,800 MECSEK InterCity,IC MECSEK,Pécs,,1:2146,2026-03-14,5,Pécs,1:005507294_0,,,31080,31080,31080,31080,0,0,SCHEDULED,08:38:00,08:38:00,08:38:00,08:38:00,2026-03-14 12:47:25.792279,mav_graphql_api,1.0
1:30542753,800 MECSEK InterCity,IC MECSEK,Pécs,,1:2315,2026-03-14,0,Budapest-Déli,1:005501016_2,,2,21900,21900,21900,21900,0,0,MODIFIED,06:05:00,06:05:00,06:05:00,06:05:00,2026-03-14 12:47:25.792279,mav_graphql_api,1.0
1:30542753,800 MECSEK InterCity,IC MECSEK,Pécs,,1:2315,2026-03-14,1,Budapest-Kelenföld,1:005501024_6,,6,22260,22320,22380,22440,120,120,MODIFIED,06:11:00,06:12:00,06:13:00,06:14:00,2026-03-14 12:47:25.792279,mav_graphql_api,1.0
1:30542753,800 MECSEK InterCity,IC MECSEK,Pécs,,1:2315,2026-03-14,2,Sárbogárd,1:005505926_5,,5,25080,25200,25200,25380,120,180,MODIFIED,06:58:00,07:00:00,07:00:00,07:03:00,2026-03-14 12:47:25.792279,mav_graphql_api,1.0
1:30542753,800 MECSEK InterCity,IC MECSEK,Pécs,,1:2315,2026-03-14,3,Dombóvár,1:005506189_4,,4,28320,28380,28800,28920,480,540,MODIFIED,07:52:00,07:53:00,08:00:00,08:02:00,2026-03-14 12:47:25.792279,mav_graphql_api,1.0
1:30542753,800 MECSEK InterCity,IC MECSEK,Pécs,,1:2315,2026-03-14,4,Szentlőrinc,1:005507260_2,,2,30180,30240,30780,30840,600,600,MODIFIED,08:23:00,08:24:00,08:33:00,08:34:00,2026-03-14 12:47:25.792279,mav_graphql_api,1.0
1:30542753,800 MECSEK InterCity,IC MECSEK,Pécs,,1:2315,2026-03-14,5,Pécs,1:005507294_1,,1,31080,31080,31680,31680,600,600,MODIFIED,08:38:00,08:38:00,08:48:00,08:48:00,2026-03-14 12:47:25.792279,mav_graphql_api,1.0
1:30542754,800 MECSEK InterCity,IC MECSEK,Pécs,,1:2319,2026-03-14,0,Budapest-Kelenföld,1:005501024_0,,,22320,22320,22320,22320,0,0,SCHEDULED,06:12:00,06:12:00,06:12:00,06:12:00,2026-03-14 12:47:25.792279,mav_graphql_api,1.0
1:30542754,800 MECSEK InterCity,IC MECSEK,Pécs,,1:2319,2026-03-14,1,Sárbogárd,1:005505926_0,,,25080,25200,25080,25200,0,0,SCHEDULED,06:58:00,07:00:00,06:58:00,07:00:00,2026-03-14 12:47:25.792279,mav_graphql_api,1.0
1:30542754,800 MECSEK InterCity,IC MECSEK,Pécs,,1:2319,2026-03-14,2,Dombóvár,1:005506189_0,,,28320,28380,28320,28380,0,0,SCHEDULED,07:52:00,07:53:00,07:52:00,07:53:00,2026-03-14 12:47:25.792279,mav_graphql_api,1.0
1:30542754,800 MECSEK InterCity,IC MECSEK,Pécs,,1:2319,2026-03-14,3,Szentlőrinc,1:005507260_0,,,30180,30240,30180,30240,0,0,SCHEDULED,08:23:00,08:24:00,08:23:00,08:24:00,2026-03-14 12:47:25.792279,mav_graphql_api,1.0
1:30542754,800 MECSEK InterCity,IC MECSEK,Pécs,,1:2319,2026-03-14,4,Pécs,1:005507294_0,,,31080,31080,31080,31080,0,0,SCHEDULED,08:38:00,08:38:00,08:38:00,08:38:00,2026-03-14 12:47:25.792279,mav_graphql_api,1.0
1:30542755,802 MECSEK InterCity,IC MECSEK,Pécs,,1:2146,2026-03-14,0,Budapest-Keleti,1:005510017_0,,,28380,28380,28380,28380,0,0,SCHEDULED,07:53:00,07:53:00,07:53:00,07:53:00,2026-03-14 12:47:25.792279,mav_graphql_api,1.0
1:30542755,802 MECSEK InterCity,IC MECSEK,Pécs,,1:2146,2026-03-14,1,Budapest-Kelenföld,1:005501024_0,,,29280,29520,29280,29520,0,0,SCHEDULED,08:08:00,08:12:00,08:08:00,08:12:00,2026-03-14 12:47:25.792279,mav_graphql_api,1.0
1:30542755,802 MECSEK InterCity,IC MECSEK,Pécs,,1:2146,2026-03-14,2,Sárbogárd,1:005505926_0,,,32280,32400,32280,32400,0,0,SCHEDULED,08:58:00,09:00:00,08:58:00,09:00:00,2026-03-14 12:47:25.792279,mav_graphql_api,1.0
1:30542755,802 MECSEK InterCity,IC MECSEK,Pécs,,1:2146,2026-03-14,3,Dombóvár,1:005506189_0,,,35520,35580,35520,35580,0,0,SCHEDULED,09:52:00,09:53:00,09:52:00,09:53:00,2026-03-14 12:47:25.792279,mav_graphql_api,1.0
1:30542755,802 MECSEK InterCity,IC MECSEK,Pécs,,1:2146,2026-03-14,4,Szentlőrinc,1:005507260_0,,,37380,37440,37380,37440,0,0,SCHEDULED,10:23:00,10:24:00,10:23:00,10:24:00,2026-03-14 12:47:25.792279,mav_graphql_api,1.0
1:30542755,802 MECSEK InterCity,IC MECSEK,Pécs,,1:2146,2026-03-14,5,Pécs,1:005507294_0,,,38280,38280,38280,38280,0,0,SCHEDULED,10:38:00,10:38:00,10:38:00,10:38:00,2026-03-14 12:47:25.792279,mav_graphql_api,1.0
1:30542759,802 MECSEK InterCity,IC MECSEK,Pécs,,1:2349,2026-03-14,0,Budapest-Kelenföld,1:005501024_0,,,29520,29520,29520,29520,0,0,SCHEDULED,08:12:00,08:12:00,08:12:00,08:12:00,2026-03-14 12:47:25.792279,mav_graphql_api,1.0
1:30542759,802 MECSEK InterCity,IC MECSEK,Pécs,,1:2349,2026-03-14,1,Sárbogárd,1:005505926_0,,,32280,32400,32280,32400,0,0,SCHEDULED,08:58:00,09:00:00,08:58:00,09:00:00,2026-03-14 12:47:25.792279,mav_graphql_api,1.0
1:30542759,802 MECSEK InterCity,IC MECSEK,Pécs,,1:2349,2026-03-14,2,Dombóvár,1:005506189_0,,,35520,35580,35520,35580,0,0,SCHEDULED,09:52:00,09:53:00,09:52:00,09:53:00,2026-03-14 12:47:25.792279,mav_graphql_api,1.0
1:30542759,802 MECSEK InterCity,IC MECSEK,Pécs,,1:2349,2026-03-14,3,Szentlőrinc,1:005507260_0,,,37380,37440,37380,37440,0,0,SCHEDULED,10:23:00,10:24:00,10:23:00,10:24:00,2026-03-14 12:47:25.792279,mav_graphql_api,1.0
1:30542759,802 MECSEK InterCity,IC MECSEK,Pécs,,1:2349,2026-03-14,4,Pécs,1:005507294_0,,,38280,38280,38280,38280,0,0,SCHEDULED,10:38:00,10:38:00,10:38:00,10:38:00,2026-03-14 12:47:25.792279,mav_graphql_api,1.0
1:30542760,802 MECSEK InterCity,IC MECSEK,Pécs,,1:2169,2026-03-14,0,Budapest-Kelenföld,1:005501024_0,,,29520,29520,29520,29520,0,0,SCHEDULED,08:12:00,08:12:00,08:12:00,08:12:00,2026-03-14 12:47:25.792279,mav_graphql_api,1.0
1:30542760,802 MECSEK InterCity,IC MECSEK,Pécs,,1:2169,2026-03-14,1,Sárbogárd,1:005505926_0,,,32280,32400,32280,32400,0,0,SCHEDULED,08:58:00,09:00:00,08:58:00,09:00:00,2026-03-14 12:47:25.792279,mav_graphql_api,1.0
1:30542760,802 MECSEK InterCity,IC MECSEK,Pécs,,1:2169,2026-03-14,2,Dombóvár,1:005506189_0,,,35520,35580,35520,35580,0,0,SCHEDULED,09:52:00,09:53:00,09:52:00,09:53:00,2026-03-14 12:47:25.792279,mav_graphql_api,1.0
1:30542760,802 MECSEK InterCity,IC MECSEK,Pécs,,1:2169,2026-03-14,3,Szentlőrinc,1:005507260_0,,,37380,37440,37380,37440,0,0,SCHEDULED,10:23:00,10:24:00,10:23:00,10:24:00,2026-03-14 12:47:25.792279,mav_graphql_api,1.0
1:30542760,802 MECSEK InterCity,IC MECSEK,Pécs,,1:2169,2026-03-14,4,Pécs,1:005507294_0,,,38280,38280,38280,38280,0,0,SCHEDULED,10:38:00,10:38:00,10:38:00,10:38:00,2026-03-14 12:47:25.792279,mav_graphql_api,1.0
1:30542770,809 MECSEK InterCity,IC MECSEK,Budapest-Keleti,,1:2146,2026-03-14,0,Pécs,1:005507294_0,,,18840,18840,18840,18840,0,0,SCHEDULED,05:14:00,05:14:00,05:14:00,05:14:00,2026-03-14 12:47:25.792279,mav_graphql_api,1.0
1:30542770,809 MECSEK InterCity,IC MECSEK,Budapest-Keleti,,1:2146,2026-03-14,1,Szentlőrinc,1:005507260_0,,,19680,19740,19680,19740,0,0,SCHEDULED,05:28:00,05:29:00,05:28:00,05:29:00,2026-03-14 12:47:25.792279,mav_graphql_api,1.0
1:30542770,809 MECSEK InterCity,IC MECSEK,Budapest-Keleti,,1:2146,2026-03-14,2,Sásd,1:005507203_0,,,21180,21240,21180,21240,0,0,SCHEDULED,05:53:00,05:54:00,05:53:00,05:54:00,2026-03-14 12:47:25.792279,mav_graphql_api,1.0
1:30542770,809 MECSEK InterCity,IC MECSEK,Budapest-Keleti,,1:2146,2026-03-14,3,Dombóvár,1:005506189_0,,,21900,21960,21900,21960,0,0,SCHEDULED,06:05:00,06:06:00,06:05:00,06:06:00,2026-03-14 12:47:25.792279,mav_graphql_api,1.0
1:30542770,809 MECSEK InterCity,IC MECSEK,Budapest-Keleti,,1:2146,2026-03-14,4,Sárbogárd,1:005505926_0,,,25140,25200,25140,25200,0,0,SCHEDULED,06:59:00,07:00:00,06:59:00,07:00:00,2026-03-14 12:47:25.792279,mav_graphql_api,1.0
1:30542770,809 MECSEK InterCity,IC MECSEK,Budapest-Keleti,,1:2146,2026-03-14,5,Budapest-Kelenföld,1:005501024_0,,,28140,28200,28140,28200,0,0,SCHEDULED,07:49:00,07:50:00,07:49:00,07:50:00,2026-03-14 12:47:25.792279,mav_graphql_api,1.0
1:30542770,809 MECSEK InterCity,IC MECSEK,Budapest-Keleti,,1:2146,2026-03-14,6,Budapest-Keleti,1:005510017_0,,,29100,29100,29100,29100,0,0,SCHEDULED,08:05:00,08:05:00,08:05:00,08:05:00,2026-03-14 12:47:25.792279,mav_graphql_api,1.0
1:30542774,809 MECSEK InterCity,IC MECSEK,Budapest-Kelenföld,,1:2349,2026-03-14,0,Pécs,1:005507294_0,,,18840,18840,18840,18840,0,0,SCHEDULED,05:14:00,05:14:00,05:14:00,05:14:00,2026-03-14 12:47:25.792279,mav_graphql_api,1.0
1:30542774,809 MECSEK InterCity,IC MECSEK,Budapest-Kelenföld,,1:2349,2026-03-14,1,Szentlőrinc,1:005507260_0,,,19680,19740,19680,19740,0,0,SCHEDULED,05:28:00,05:29:00,05:28:00,05:29:00,2026-03-14 12:47:25.792279,mav_graphql_api,1.0
1:30542774,809 MECSEK InterCity,IC MECSEK,Budapest-Kelenföld,,1:2349,2026-03-14,2,Sásd,1:005507203_0,,,21180,21240,21180,21240,0,0,SCHEDULED,05:53:00,05:54:00,05:53:00,05:54:00,2026-03-14 12:47:25.792279,mav_graphql_api,1.0
1:30542774,809 MECSEK InterCity,IC MECSEK,Budapest-Kelenföld,,1:2349,2026-03-14,3,Dombóvár,1:005506189_0,,,21900,21960,21900,21960,0,0,SCHEDULED,06:05:00,06:06:00,06:05:00,06:06:00,2026-03-14 12:47:25.792279,mav_graphql_api,1.0
1:30542774,809 MECSEK InterCity,IC MECSEK,Budapest-Kelenföld,,1:2349,2026-03-14,4,Sárbogárd,1:005505926_0,,,25140,25200,25140,25200,0,0,SCHEDULED,06:59:00,07:00:00,06:59:00,07:00:00,2026-03-14 12:47:25.792279,mav_graphql_api,1.0
1:30542774,809 MECSEK InterCity,IC MECSEK,Budapest-Kelenföld,,1:2349,2026-03-14,5,Budapest-Kelenföld,1:005501024_0,,,28140,28140,28140,28140,0,0,SCHEDULED,07:49:00,07:49:00,07:49:00,07:49:00,2026-03-14 12:47:25.792279,mav_graphql_api,1.0
1:30542775,809 MECSEK InterCity,IC MECSEK,Budapest-Déli,,1:2248,2026-03-14,0,Pécs,1:005507294_1,,1,18840,18840,19020,19020,180,180,MODIFIED,05:14:00,05:14:00,05:17:00,05:17:00,2026-03-14 12:47:25.792279,mav_graphql_api,1.0
1:30542775,809 MECSEK InterCity,IC MECSEK,Budapest-Déli,,1:2248,2026-03-14,1,Szentlőrinc,1:005507260_2,,2,19680,19740,19860,19920,180,180,MODIFIED,05:28:00,05:29:00,05:31:00,05:32:00,2026-03-14 12:47:25.792279,mav_graphql_api,1.0
1:30542775,809 MECSEK InterCity,IC MECSEK,Budapest-Déli,,1:2248,2026-03-14,2,Sásd,1:005507203_3,,3,21180,21240,21240,21300,60,60,MODIFIED,05:53:00,05:54:00,05:54:00,05:55:00,2026-03-14 12:47:25.792279,mav_graphql_api,1.0
1:30542775,809 MECSEK InterCity,IC MECSEK,Budapest-Déli,,1:2248,2026-03-14,3,Dombóvár,1:005506189_4,,4,21900,21960,21960,22020,60,60,MODIFIED,06:05:00,06:06:00,06:06:00,06:07:00,2026-03-14 12:47:25.792279,mav_graphql_api,1.0
1:30542775,809 MECSEK InterCity,IC MECSEK,Budapest-Déli,,1:2248,2026-03-14,4,Sárbogárd,1:005505926_4,,4,25140,25200,25380,25500,240,300,MODIFIED,06:59:00,07:00:00,07:03:00,07:05:00,2026-03-14 12:47:25.792279,mav_graphql_api,1.0
1:30542775,809 MECSEK InterCity,IC MECSEK,Budapest-Déli,,1:2248,2026-03-14,5,Budapest-Kelenföld,1:005501024_2,,2,28140,29220,28260,29220,120,0,MODIFIED,07:49:00,08:07:00,07:51:00,08:07:00,2026-03-14 12:47:25.792279,mav_graphql_api,1.0
1:30542775,809 MECSEK InterCity,IC MECSEK,Budapest-Déli,,1:2248,2026-03-14,6,Budapest-Déli,1:005501016_6,,6,29640,29640,29700,29700,60,60,MODIFIED,08:14:00,08:14:00,08:15:00,08:15:00,2026-03-14 12:47:25.792279,mav_graphql_api,1.0
1:30542776,809 MECSEK InterCity,IC MECSEK,Budapest-Kelenföld,,1:2169,2026-03-14,0,Pécs,1:005507294_0,,,18840,18840,18840,18840,0,0,SCHEDULED,05:14:00,05:14:00,05:14:00,05:14:00,2026-03-14 12:47:25.792279,mav_graphql_api,1.0
1:30542776,809 MECSEK InterCity,IC MECSEK,Budapest-Kelenföld,,1:2169,2026-03-14,1,Szentlőrinc,1:005507260_0,,,19680,19740,19680,19740,0,0,SCHEDULED,05:28:00,05:29:00,05:28:00,05:29:00,2026-03-14 12:47:25.792279,mav_graphql_api,1.0
1:30542776,809 MECSEK InterCity,IC MECSEK,Budapest-Kelenföld,,1:2169,2026-03-14,2,Sásd,1:005507203_0,,,21180,21240,21180,21240,0,0,SCHEDULED,05:53:00,05:54:00,05:53:00,05:54:00,2026-03-14 12:47:25.792279,mav_graphql_api,1.0
1:30542776,809 MECSEK InterCity,IC MECSEK,Budapest-Kelenföld,,1:2169,2026-03-14,3,Dombóvár,1:005506189_0,,,21900,21960,21900,21960,0,0,SCHEDULED,06:05:00,06:06:00,06:05:00,06:06:00,2026-03-14 12:47:25.792279,mav_graphql_api,1.0
1:30542776,809 MECSEK InterCity,IC MECSEK,Budapest-Kelenföld,,1:2169,2026-03-14,4,Sárbogárd,1:005505926_0,,,25140,25200,25140,25200,0,0,SCHEDULED,06:59:00,07:00:00,06:59:00,07:00:00,2026-03-14 12:47:25.792279,mav_graphql_api,1.0
1:30542776,809 MECSEK InterCity,IC MECSEK,Budapest-Kelenföld,,1:2169,2026-03-14,5,Budapest-Kelenföld,1:005501024_0,,,28140,28140,28140,28140,0,0,SCHEDULED,07:49:00,07:49:00,07:49:00,07:49:00,2026-03-14 12:47:25.792279,mav_graphql_api,1.0
1:30542777,807 MECSEK InterCity,IC MECSEK,Budapest-Keleti,,1:2146,2026-03-14,0,Pécs,1:005507294_0,,,26040,26040,26040,26040,0,0,SCHEDULED,07:14:00,07:14:00,07:14:00,07:14:00,2026-03-14 12:47:25.792279,mav_graphql_api,1.0
1:30542777,807 MECSEK InterCity,IC MECSEK,Budapest-Keleti,,1:2146,2026-03-14,1,Szentlőrinc,1:005507260_0,,,26880,26940,26880,26940,0,0,SCHEDULED,07:28:00,07:29:00,07:28:00,07:29:00,2026-03-14 12:47:25.792279,mav_graphql_api,1.0
1:30542777,807 MECSEK InterCity,IC MECSEK,Budapest-Keleti,,1:2146,2026-03-14,2,Dombóvár,1:005506189_0,,,29100,29160,29100,29160,0,0,SCHEDULED,08:05:00,08:06:00,08:05:00,08:06:00,2026-03-14 12:47:25.792279,mav_graphql_api,1.0
1:30542777,807 MECSEK InterCity,IC MECSEK,Budapest-Keleti,,1:2146,2026-03-14,3,Sárbogárd,1:005505926_0,,,32340,32400,32340,32400,0,0,SCHEDULED,08:59:00,09:00:00,08:59:00,09:00:00,2026-03-14 12:47:25.792279,mav_graphql_api,1.0
1:30542777,807 MECSEK InterCity,IC MECSEK,Budapest-Keleti,,1:2146,2026-03-14,4,Budapest-Kelenföld,1:005501024_0,,,35160,35400,35160,35400,0,0,SCHEDULED,09:46:00,09:50:00,09:46:00,09:50:00,2026-03-14 12:47:25.792279,mav_graphql_api,1.0
1:30542777,807 MECSEK InterCity,IC MECSEK,Budapest-Keleti,,1:2146,2026-03-14,5,Budapest-Keleti,1:005510017_0,,,36300,36300,36300,36300,0,0,SCHEDULED,10:05:00,10:05:00,10:05:00,10:05:00,2026-03-14 12:47:25.792279,mav_graphql_api,1.0
1:30542780,807 MECSEK InterCity,IC MECSEK,Budapest-Kelenföld,,1:2169,2026-03-14,0,Pécs,1:005507294_0,,,26040,26040,26040,26040,0,0,SCHEDULED,07:14:00,07:14:00,07:14:00,07:14:00,2026-03-14 12:47:25.792279,mav_graphql_api,1.0
1:30542780,807 MECSEK InterCity,IC MECSEK,Budapest-Kelenföld,,1:2169,2026-03-14,1,Szentlőrinc,1:005507260_0,,,26880,26940,26880,26940,0,0,SCHEDULED,07:28:00,07:29:00,07:28:00,07:29:00,2026-03-14 12:47:25.792279,mav_graphql_api,1.0
1:30542780,807 MECSEK InterCity,IC MECSEK,Budapest-Kelenföld,,1:2169,2026-03-14,2,Dombóvár,1:005506189_0,,,29100,29160,29100,29160,0,0,SCHEDULED,08:05:00,08:06:00,08:05:00,08:06:00,2026-03-14 12:47:25.792279,mav_graphql_api,1.0
1:30542780,807 MECSEK InterCity,IC MECSEK,Budapest-Kelenföld,,1:2169,2026-03-14,3,Sárbogárd,1:005505926_0,,,32340,32400,32340,32400,0,0,SCHEDULED,08:59:00,09:00:00,08:59:00,09:00:00,2026-03-14 12:47:25.792279,mav_graphql_api,1.0
1:30542780,807 MECSEK InterCity,IC MECSEK,Budapest-Kelenföld,,1:2169,2026-03-14,4,Budapest-Kelenföld,1:005501024_0,,,35160,35160,35160,35160,0,0,SCHEDULED,09:46:00,09:46:00,09:46:00,09:46:00,2026-03-14 12:47:25.792279,mav_graphql_api,1.0
1:30542781,805 MECSEK InterCity,IC MECSEK,Budapest-Keleti,,1:2146,2026-03-14,0,Pécs,1:005507294_0,,,40440,40440,40440,40440,0,0,SCHEDULED,11:14:00,11:14:00,11:14:00,11:14:00,2026-03-14 12:47:25.792279,mav_graphql_api,1.0
1:30542781,805 MECSEK InterCity,IC MECSEK,Budapest-Keleti,,1:2146,2026-03-14,1,Szentlőrinc,1:005507260_0,,,41280,41340,41280,41340,0,0,SCHEDULED,11:28:00,11:29:00,11:28:00,11:29:00,2026-03-14 12:47:25.792279,mav_graphql_api,1.0
1:30542781,805 MECSEK InterCity,IC MECSEK,Budapest-Keleti,,1:2146,2026-03-14,2,Dombóvár,1:005506189_0,,,43500,43560,43500,43560,0,0,SCHEDULED,12:05:00,12:06:00,12:05:00,12:06:00,2026-03-14 12:47:25.792279,mav_graphql_api,1.0
1:30542781,805 MECSEK InterCity,IC MECSEK,Budapest-Keleti,,1:2146,2026-03-14,3,Sárbogárd,1:005505926_0,,,46740,46800,46740,46800,0,0,SCHEDULED,12:59:00,13:00:00,12:59:00,13:00:00,2026-03-14 12:47:25.792279,mav_graphql_api,1.0
1:30542781,805 MECSEK InterCity,IC MECSEK,Budapest-Keleti,,1:2146,2026-03-14,4,Budapest-Kelenföld,1:005501024_0,,,49560,49800,49560,49800,0,0,SCHEDULED,13:46:00,13:50:00,13:46:00,13:50:00,2026-03-14 12:47:25.792279,mav_graphql_api,1.0
1:30542781,805 MECSEK InterCity,IC MECSEK,Budapest-Keleti,,1:2146,2026-03-14,5,Budapest-Keleti,1:005510017_0,,,50700,50700,50700,50700,0,0,SCHEDULED,14:05:00,14:05:00,14:05:00,14:05:00,2026-03-14 12:47:25.792279,mav_graphql_api,1.0
1:30542784,805 MECSEK InterCity,IC MECSEK,Budapest-Kelenföld,,1:2169,2026-03-14,0,Pécs,1:005507294_0,,,40440,40440,40440,40440,0,0,SCHEDULED,11:14:00,11:14:00,11:14:00,11:14:00,2026-03-14 12:47:25.792279,mav_graphql_api,1.0
1:30542784,805 MECSEK InterCity,IC MECSEK,Budapest-Kelenföld,,1:2169,2026-03-14,1,Szentlőrinc,1:005507260_0,,,41280,41340,41280,41340,0,0,SCHEDULED,11:28:00,11:29:00,11:28:00,11:29:00,2026-03-14 12:47:25.792279,mav_graphql_api,1.0
1:30542784,805 MECSEK InterCity,IC MECSEK,Budapest-Kelenföld,,1:2169,2026-03-14,2,Dombóvár,1:005506189_0,,,43500,43560,43500,43560,0,0,SCHEDULED,12:05:00,12:06:00,12:05:00,12:06:00,2026-03-14 12:47:25.792279,mav_graphql_api,1.0
1:30542784,805 MECSEK InterCity,IC MECSEK,Budapest-Kelenföld,,1:2169,2026-03-14,3,Sárbogárd,1:005505926_0,,,46740,46800,46740,46800,0,0,SCHEDULED,12:59:00,13:00:00,12:59:00,13:00:00,2026-03-14 12:47:25.792279,mav_graphql_api,1.0
1:30542784,805 MECSEK InterCity,IC MECSEK,Budapest-Kelenföld,,1:2169,2026-03-14,4,Budapest-Kelenföld,1:005501024_0,,,49560,49560,49560,49560,0,0,SCHEDULED,13:46:00,13:46:00,13:46:00,13:46:00,2026-03-14 12:47:25.792279,mav_graphql_api,1.0
1:30542785,815 MECSEK InterCity,IC MECSEK,Budapest-Keleti,,1:2146,2026-03-14,0,Pécs,1:005507294_0,,,47640,47640,47640,47640,0,0,SCHEDULED,13:14:00,13:14:00,13:14:00,13:14:00,2026-03-14 12:47:25.792279,mav_graphql_api,1.0
1:30542785,815 MECSEK InterCity,IC MECSEK,Budapest-Keleti,,1:2146,2026-03-14,1,Szentlőrinc,1:005507260_0,,,48480,48540,48480,48540,0,0,SCHEDULED,13:28:00,13:29:00,13:28:00,13:29:00,2026-03-14 12:47:25.792279,mav_graphql_api,1.0
1:30542785,815 MECSEK InterCity,IC MECSEK,Budapest-Keleti,,1:2146,2026-03-14,2,Dombóvár,1:005506189_0,,,50700,50760,50700,50760,0,0,SCHEDULED,14:05:00,14:06:00,14:05:00,14:06:00,2026-03-14 12:47:25.792279,mav_graphql_api,1.0
1:30542788,815 MECSEK InterCity,IC MECSEK,Budapest-Déli,,1:2447,2026-03-14,0,Pécs,1:005507294_1,,1,47640,47640,47640,47640,0,0,SCHEDULED,13:14:00,13:14:00,13:14:00,13:14:00,2026-03-14 12:47:25.792279,mav_graphql_api,1.0
1:30542788,815 MECSEK InterCity,IC MECSEK,Budapest-Déli,,1:2447,2026-03-14,1,Szentlőrinc,1:005507260_2,,2,48480,48540,48480,48540,0,0,SCHEDULED,13:28:00,13:29:00,13:28:00,13:29:00,2026-03-14 12:47:25.792279,mav_graphql_api,1.0
1:30542788,815 MECSEK InterCity,IC MECSEK,Budapest-Déli,,1:2447,2026-03-14,2,Dombóvár,1:005506189_4,,4,50700,50760,50700,50760,0,0,SCHEDULED,14:05:00,14:06:00,14:05:00,14:06:00,2026-03-14 12:47:25.792279,mav_graphql_api,1.0
1:30542789,815 MECSEK InterCity,IC MECSEK,Budapest-Kelenföld,,1:2169,2026-03-14,0,Pécs,1:005507294_0,,,47640,47640,47640,47640,0,0,SCHEDULED,13:14:00,13:14:00,13:14:00,13:14:00,2026-03-14 12:47:25.792279,mav_graphql_api,1.0
1:30542789,815 MECSEK InterCity,IC MECSEK,Budapest-Kelenföld,,1:2169,2026-03-14,1,Szentlőrinc,1:005507260_0,,,48480,48540,48480,48540,0,0,SCHEDULED,13:28:00,13:29:00,13:28:00,13:29:00,2026-03-14 12:47:25.792279,mav_graphql_api,1.0
1:30542789,815 MECSEK InterCity,IC MECSEK,Budapest-Kelenföld,,1:2169,2026-03-14,2,Dombóvár,1:005506189_0,,,50700,50760,50700,50760,0,0,SCHEDULED,14:05:00,14:06:00,14:05:00,14:06:00,2026-03-14 12:47:25.792279,mav_graphql_api,1.0
1:30543348,812 MECSEK InterCity,IC MECSEK,Pécs,,1:2146,2026-03-14,0,Budapest-Keleti,1:005510017_0,,,35580,35580,35580,35580,0,0,SCHEDULED,09:53:00,09:53:00,09:53:00,09:53:00,2026-03-14 12:47:25.792279,mav_graphql_api,1.0
1:30543348,812 MECSEK InterCity,IC MECSEK,Pécs,,1:2146,2026-03-14,1,Budapest-Kelenföld,1:005501024_0,,,36480,36720,36480,36720,0,0,SCHEDULED,10:08:00,10:12:00,10:08:00,10:12:00,2026-03-14 12:47:25.792279,mav_graphql_api,1.0
1:30543348,812 MECSEK InterCity,IC MECSEK,Pécs,,1:2146,2026-03-14,2,Sárbogárd,1:005505926_0,,,39480,39600,39480,39600,0,0,SCHEDULED,10:58:00,11:00:00,10:58:00,11:00:00,2026-03-14 12:47:25.792279,mav_graphql_api,1.0
1:30543348,812 MECSEK InterCity,IC MECSEK,Pécs,,1:2146,2026-03-14,3,Dombóvár,1:005506189_0,,,42720,42780,42720,42780,0,0,SCHEDULED,11:52:00,11:53:00,11:52:00,11:53:00,2026-03-14 12:47:25.792279,mav_graphql_api,1.0
1:30543348,812 MECSEK InterCity,IC MECSEK,Pécs,,1:2146,2026-03-14,4,Szentlőrinc,1:005507260_0,,,44580,44640,44580,44640,0,0,SCHEDULED,12:23:00,12:24:00,12:23:00,12:24:00,2026-03-14 12:47:25.792279,mav_graphql_api,1.0
1:30543348,812 MECSEK InterCity,IC MECSEK,Pécs,,1:2146,2026-03-14,5,Pécs,1:005507294_0,,,45480,45480,45480,45480,0,0,SCHEDULED,12:38:00,12:38:00,12:38:00,12:38:00,2026-03-14 12:47:25.792279,mav_graphql_api,1.0
1:30543351,812 MECSEK InterCity,IC MECSEK,Pécs,,1:2447,2026-03-14,0,Budapest-Déli,1:005501016_6,,6,36300,36300,36420,36420,120,120,MODIFIED,10:05:00,10:05:00,10:07:00,10:07:00,2026-03-14 12:47:25.792279,mav_graphql_api,1.0
1:30543351,812 MECSEK InterCity,IC MECSEK,Pécs,,1:2447,2026-03-14,1,Budapest-Kelenföld,1:005501024_6,,6,36660,36720,36900,37080,240,360,MODIFIED,10:11:00,10:12:00,10:15:00,10:18:00,2026-03-14 12:47:25.792279,mav_graphql_api,1.0
1:30543351,812 MECSEK InterCity,IC MECSEK,Pécs,,1:2447,2026-03-14,2,Sárbogárd,1:005505926_4,,4,39480,39600,40020,40140,540,540,MODIFIED,10:58:00,11:00:00,11:07:00,11:09:00,2026-03-14 12:47:25.792279,mav_graphql_api,1.0
1:30543351,812 MECSEK InterCity,IC MECSEK,Pécs,,1:2447,2026-03-14,3,Dombóvár,1:005506189_4,,4,42720,42780,43560,43620,840,840,MODIFIED,11:52:00,11:53:00,12:06:00,12:07:00,2026-03-14 12:47:25.792279,mav_graphql_api,1.0
1:30543351,812 MECSEK InterCity,IC MECSEK,Pécs,,1:2447,2026-03-14,4,Szentlőrinc,1:005507260_2,,2,44580,44640,45600,45720,1020,1080,MODIFIED,12:23:00,12:24:00,12:40:00,12:42:00,2026-03-14 12:47:25.792279,mav_graphql_api,1.0
1:30543351,812 MECSEK InterCity,IC MECSEK,Pécs,,1:2447,2026-03-14,5,Pécs,1:005507294_1,,1,45480,45480,46560,46560,1080,1080,MODIFIED,12:38:00,12:38:00,12:56:00,12:56:00,2026-03-14 12:47:25.792279,mav_graphql_api,1.0
1:30543352,812 MECSEK InterCity,IC MECSEK,Pécs,,1:2169,2026-03-14,0,Budapest-Kelenföld,1:005501024_0,,,36720,36720,36720,36720,0,0,SCHEDULED,10:12:00,10:12:00,10:12:00,10:12:00,2026-03-14 12:47:25.792279,mav_graphql_api,1.0
1:30543352,812 MECSEK InterCity,IC MECSEK,Pécs,,1:2169,2026-03-14,1,Sárbogárd,1:005505926_0,,,39480,39600,39480,39600,0,0,SCHEDULED,10:58:00,11:00:00,10:58:00,11:00:00,2026-03-14 12:47:25.792279,mav_graphql_api,1.0
1:30543352,812 MECSEK InterCity,IC MECSEK,Pécs,,1:2169,2026-03-14,2,Dombóvár,1:005506189_0,,,42720,42780,42720,42780,0,0,SCHEDULED,11:52:00,11:53:00,11:52:00,11:53:00,2026-03-14 12:47:25.792279,mav_graphql_api,1.0
1:30543352,812 MECSEK InterCity,IC MECSEK,Pécs,,1:2169,2026-03-14,3,Szentlőrinc,1:005507260_0,,,44580,44640,44580,44640,0,0,SCHEDULED,12:23:00,12:24:00,12:23:00,12:24:00,2026-03-14 12:47:25.792279,mav_graphql_api,1.0
1:30543352,812 MECSEK InterCity,IC MECSEK,Pécs,,1:2169,2026-03-14,4,Pécs,1:005507294_0,,,45480,45480,45480,45480,0,0,SCHEDULED,12:38:00,12:38:00,12:38:00,12:38:00,2026-03-14 12:47:25.792279,mav_graphql_api,1.0
1:30543353,804 MECSEK InterCity,IC MECSEK,Pécs,,1:2146,2026-03-14,0,Budapest-Keleti,1:005510017_0,,,42780,42780,42780,42780,0,0,SCHEDULED,11:53:00,11:53:00,11:53:00,11:53:00,2026-03-14 12:47:25.792279,mav_graphql_api,1.0
1:30543353,804 MECSEK InterCity,IC MECSEK,Pécs,,1:2146,2026-03-14,1,Budapest-Kelenföld,1:005501024_0,,,43680,43920,43680,43920,0,0,SCHEDULED,12:08:00,12:12:00,12:08:00,12:12:00,2026-03-14 12:47:25.792279,mav_graphql_api,1.0
1:30543353,804 MECSEK InterCity,IC MECSEK,Pécs,,1:2146,2026-03-14,2,Sárbogárd,1:005505926_0,,,46680,46800,46680,46800,0,0,SCHEDULED,12:58:00,13:00:00,12:58:00,13:00:00,2026-03-14 12:47:25.792279,mav_graphql_api,1.0
1:30543353,804 MECSEK InterCity,IC MECSEK,Pécs,,1:2146,2026-03-14,3,Dombóvár,1:005506189_0,,,49920,49980,49920,49980,0,0,SCHEDULED,13:52:00,13:53:00,13:52:00,13:53:00,2026-03-14 12:47:25.792279,mav_graphql_api,1.0
1:30543353,804 MECSEK InterCity,IC MECSEK,Pécs,,1:2146,2026-03-14,4,Szentlőrinc,1:005507260_0,,,51780,51840,51780,51840,0,0,SCHEDULED,14:23:00,14:24:00,14:23:00,14:24:00,2026-03-14 12:47:25.792279,mav_graphql_api,1.0
1:30543353,804 MECSEK InterCity,IC MECSEK,Pécs,,1:2146,2026-03-14,5,Pécs,1:005507294_0,,,52680,52680,52680,52680,0,0,SCHEDULED,14:38:00,14:38:00,14:38:00,14:38:00,2026-03-14 12:47:25.792279,mav_graphql_api,1.0
1:30543356,804 MECSEK InterCity,IC MECSEK,Pécs,,1:2169,2026-03-14,0,Budapest-Kelenföld,1:005501024_0,,,43920,43920,43920,43920,0,0,SCHEDULED,12:12:00,12:12:00,12:12:00,12:12:00,2026-03-14 12:47:25.792279,mav_graphql_api,1.0
1:30543356,804 MECSEK InterCity,IC MECSEK,Pécs,,1:2169,2026-03-14,1,Sárbogárd,1:005505926_0,,,46680,46800,46680,46800,0,0,SCHEDULED,12:58:00,13:00:00,12:58:00,13:00:00,2026-03-14 12:47:25.792279,mav_graphql_api,1.0
1:30543356,804 MECSEK InterCity,IC MECSEK,Pécs,,1:2169,2026-03-14,2,Dombóvár,1:005506189_0,,,49920,49980,49920,49980,0,0,SCHEDULED,13:52:00,13:53:00,13:52:00,13:53:00,2026-03-14 12:47:25.792279,mav_graphql_api,1.0
1:30543356,804 MECSEK InterCity,IC MECSEK,Pécs,,1:2169,2026-03-14,3,Szentlőrinc,1:005507260_0,,,51780,51840,51780,51840,0,0,SCHEDULED,14:23:00,14:24:00,14:23:00,14:24:00,2026-03-14 12:47:25.792279,mav_graphql_api,1.0
1:30543356,804 MECSEK InterCity,IC MECSEK,Pécs,,1:2169,2026-03-14,4,Pécs,1:005507294_0,,,52680,52680,52680,52680,0,0,SCHEDULED,14:38:00,14:38:00,14:38:00,14:38:00,2026-03-14 12:47:25.792279,mav_graphql_api,1.0
1:30543357,814 MECSEK InterCity,IC MECSEK,Pécs,,1:2146,2026-03-14,0,Budapest-Keleti,1:005510017_0,,,49980,49980,49980,49980,0,0,SCHEDULED,13:53:00,13:53:00,13:53:00,13:53:00,2026-03-14 12:47:25.792279,mav_graphql_api,1.0
1:30543357,814 MECSEK InterCity,IC MECSEK,Pécs,,1:2146,2026-03-14,1,Budapest-Kelenföld,1:005501024_0,,,50880,51120,50880,51120,0,0,SCHEDULED,14:08:00,14:12:00,14:08:00,14:12:00,2026-03-14 12:47:25.792279,mav_graphql_api,1.0
1:30543360,814 MECSEK InterCity,IC MECSEK,Pécs,,1:2447,2026-03-14,0,Budapest-Déli,1:005501016_5,,5,50700,50700,50700,50700,0,0,SCHEDULED,14:05:00,14:05:00,14:05:00,14:05:00,2026-03-14 12:47:25.792279,mav_graphql_api,1.0
1:30543360,814 MECSEK InterCity,IC MECSEK,Pécs,,1:2447,2026-03-14,1,Budapest-Kelenföld,1:005501024_6,,6,51060,51120,51060,51120,0,0,SCHEDULED,14:11:00,14:12:00,14:11:00,14:12:00,2026-03-14 12:47:25.792279,mav_graphql_api,1.0
1:30543361,814 MECSEK InterCity,IC MECSEK,Pécs,,1:2169,2026-03-14,0,Budapest-Kelenföld,1:005501024_0,,,51120,51120,51120,51120,0,0,SCHEDULED,14:12:00,14:12:00,14:12:00,14:12:00,2026-03-14 12:47:25.792279,mav_graphql_api,1.0
1:30543366,817 MECSEK InterCity,IC MECSEK,Budapest-Keleti,,1:2146,2026-03-14,0,Pécs,1:005507294_0,,,33240,33240,33240,33240,0,0,SCHEDULED,09:14:00,09:14:00,09:14:00,09:14:00,2026-03-14 12:47:25.792279,mav_graphql_api,1.0
1:30543366,817 MECSEK InterCity,IC MECSEK,Budapest-Keleti,,1:2146,2026-03-14,1,Szentlőrinc,1:005507260_0,,,34080,34140,34080,34140,0,0,SCHEDULED,09:28:00,09:29:00,09:28:00,09:29:00,2026-03-14 12:47:25.792279,mav_graphql_api,1.0
1:30543366,817 MECSEK InterCity,IC MECSEK,Budapest-Keleti,,1:2146,2026-03-14,2,Dombóvár,1:005506189_0,,,36300,36360,36300,36360,0,0,SCHEDULED,10:05:00,10:06:00,10:05:00,10:06:00,2026-03-14 12:47:25.792279,mav_graphql_api,1.0
1:30543366,817 MECSEK InterCity,IC MECSEK,Budapest-Keleti,,1:2146,2026-03-14,3,Sárbogárd,1:005505926_0,,,39540,39600,39540,39600,0,0,SCHEDULED,10:59:00,11:00:00,10:59:00,11:00:00,2026-03-14 12:47:25.792279,mav_graphql_api,1.0
1:30543366,817 MECSEK InterCity,IC MECSEK,Budapest-Keleti,,1:2146,2026-03-14,4,Budapest-Kelenföld,1:005501024_0,,,42360,42600,42360,42600,0,0,SCHEDULED,11:46:00,11:50:00,11:46:00,11:50:00,2026-03-14 12:47:25.792279,mav_graphql_api,1.0
1:30543366,817 MECSEK InterCity,IC MECSEK,Budapest-Keleti,,1:2146,2026-03-14,5,Budapest-Keleti,1:005510017_0,,,43500,43500,43500,43500,0,0,SCHEDULED,12:05:00,12:05:00,12:05:00,12:05:00,2026-03-14 12:47:25.792279,mav_graphql_api,1.0
1:30543369,817 MECSEK InterCity,IC MECSEK,Budapest-Déli,,1:2447,2026-03-14,0,Pécs,1:005507294_1,,1,33240,33240,33360,33360,120,120,MODIFIED,09:14:00,09:14:00,09:16:00,09:16:00,2026-03-14 12:47:25.792279,mav_graphql_api,1.0
1:30543369,817 MECSEK InterCity,IC MECSEK,Budapest-Déli,,1:2447,2026-03-14,1,Szentlőrinc,1:005507260_2,,2,34080,34140,34140,34200,60,60,MODIFIED,09:28:00,09:29:00,09:29:00,09:30:00,2026-03-14 12:47:25.792279,mav_graphql_api,1.0
1:30543369,817 MECSEK InterCity,IC MECSEK,Budapest-Déli,,1:2447,2026-03-14,2,Dombóvár,1:005506189_7,,7,36300,36360,36120,36420,-180,60,MODIFIED,10:05:00,10:06:00,10:02:00,10:07:00,2026-03-14 12:47:25.792279,mav_graphql_api,1.0
1:30543369,817 MECSEK InterCity,IC MECSEK,Budapest-Déli,,1:2447,2026-03-14,3,Sárbogárd,1:005505926_5,,5,39540,39600,39720,40080,180,480,MODIFIED,10:59:00,11:00:00,11:02:00,11:08:00,2026-03-14 12:47:25.792279,mav_graphql_api,1.0
1:30543369,817 MECSEK InterCity,IC MECSEK,Budapest-Déli,,1:2447,2026-03-14,4,Budapest-Kelenföld,1:005501024_5,,5,42360,42420,42720,42840,360,420,MODIFIED,11:46:00,11:47:00,11:52:00,11:54:00,2026-03-14 12:47:25.792279,mav_graphql_api,1.0
1:30543369,817 MECSEK InterCity,IC MECSEK,Budapest-Déli,,1:2447,2026-03-14,5,Budapest-Déli,1:005501016_5,,5,42840,42840,43320,43320,480,480,MODIFIED,11:54:00,11:54:00,12:02:00,12:02:00,2026-03-14 12:47:25.792279,mav_graphql_api,1.0
1:30543370,817 MECSEK InterCity,IC MECSEK,Budapest-Kelenföld,,1:2169,2026-03-14,0,Pécs,1:005507294_0,,,33240,33240,33240,33240,0,0,SCHEDULED,09:14:00,09:14:00,09:14:00,09:14:00,2026-03-14 12:47:25.792279,mav_graphql_api,1.0
1:30543370,817 MECSEK InterCity,IC MECSEK,Budapest-Kelenföld,,1:2169,2026-03-14,1,Szentlőrinc,1:005507260_0,,,34080,34140,34080,34140,0,0,SCHEDULED,09:28:00,09:29:00,09:28:00,09:29:00,2026-03-14 12:47:25.792279,mav_graphql_api,1.0
1:30543370,817 MECSEK InterCity,IC MECSEK,Budapest-Kelenföld,,1:2169,2026-03-14,2,Dombóvár,1:005506189_0,,,36300,36360,36300,36360,0,0,SCHEDULED,10:05:00,10:06:00,10:05:00,10:06:00,2026-03-14 12:47:25.792279,mav_graphql_api,1.0
1:30543370,817 MECSEK InterCity,IC MECSEK,Budapest-Kelenföld,,1:2169,2026-03-14,3,Sárbogárd,1:005505926_0,,,39540,39600,39540,39600,0,0,SCHEDULED,10:59:00,11:00:00,10:59:00,11:00:00,2026-03-14 12:47:25.792279,mav_graphql_api,1.0
1:30543370,817 MECSEK InterCity,IC MECSEK,Budapest-Kelenföld,,1:2169,2026-03-14,4,Budapest-Kelenföld,1:005501024_0,,,42360,42360,42360,42360,0,0,SCHEDULED,11:46:00,11:46:00,11:46:00,11:46:00,2026-03-14 12:47:25.792279,mav_graphql_api,1.0
1:28522466,19709 KÉK HULLÁM InterCity,IC KÉK HULLÁM,Budapest-Déli,,1:2022,2026-03-14,0,Tapolca,1:005504598_0,,,21060,21060,21060,21060,0,0,SCHEDULED,05:51:00,05:51:00,05:51:00,05:51:00,2026-03-14 12:47:25.792279,mav_graphql_api,1.0
1:28522466,19709 KÉK HULLÁM InterCity,IC KÉK HULLÁM,Budapest-Déli,,1:2022,2026-03-14,1,Badacsonytördemic-Szigliget,1:005504572_0,,,21540,21600,21540,21600,0,0,SCHEDULED,05:59:00,06:00:00,05:59:00,06:00:00,2026-03-14 12:47:25.792279,mav_graphql_api,1.0
1:28522466,19709 KÉK HULLÁM InterCity,IC KÉK HULLÁM,Budapest-Déli,,1:2022,2026-03-14,2,Badacsony,1:005504556_0,,,21900,21960,21900,21960,0,0,SCHEDULED,06:05:00,06:06:00,06:05:00,06:06:00,2026-03-14 12:47:25.792279,mav_graphql_api,1.0
1:28522466,19709 KÉK HULLÁM InterCity,IC KÉK HULLÁM,Budapest-Déli,,1:2022,2026-03-14,3,Badacsonytomaj,1:005504549_0,,,22080,22140,22080,22140,0,0,SCHEDULED,06:08:00,06:09:00,06:08:00,06:09:00,2026-03-14 12:47:25.792279,mav_graphql_api,1.0
1:28522466,19709 KÉK HULLÁM InterCity,IC KÉK HULLÁM,Budapest-Déli,,1:2022,2026-03-14,4,Ábrahámhegy,1:005504523_0,,,22440,22440,22440,22440,0,0,SCHEDULED,06:14:00,06:14:00,06:14:00,06:14:00,2026-03-14 12:47:25.792279,mav_graphql_api,1.0
1:28522466,19709 KÉK HULLÁM InterCity,IC KÉK HULLÁM,Budapest-Déli,,1:2022,2026-03-14,5,Révfülöp,1:005504507_0,,,22800,22860,22800,22860,0,0,SCHEDULED,06:20:00,06:21:00,06:20:00,06:21:00,2026-03-14 12:47:25.792279,mav_graphql_api,1.0
1:28522466,19709 KÉK HULLÁM InterCity,IC KÉK HULLÁM,Budapest-Déli,,1:2022,2026-03-14,6,Balatonszepezd,1:005504481_0,,,23100,23100,23100,23100,0,0,SCHEDULED,06:25:00,06:25:00,06:25:00,06:25:00,2026-03-14 12:47:25.792279,mav_graphql_api,1.0
1:28522466,19709 KÉK HULLÁM InterCity,IC KÉK HULLÁM,Budapest-Déli,,1:2022,2026-03-14,7,Zánka-Köveskál,1:005504473_0,,,23340,23400,23340,23400,0,0,SCHEDULED,06:29:00,06:30:00,06:29:00,06:30:00,2026-03-14 12:47:25.792279,mav_graphql_api,1.0
1:28522466,19709 KÉK HULLÁM InterCity,IC KÉK HULLÁM,Budapest-Déli,,1:2022,2026-03-14,8,Balatonakali-Dörgicse,1:005504465_0,,,23700,23760,23700,23760,0,0,SCHEDULED,06:35:00,06:36:00,06:35:00,06:36:00,2026-03-14 12:47:25.792279,mav_graphql_api,1.0
1:28522466,19709 KÉK HULLÁM InterCity,IC KÉK HULLÁM,Budapest-Déli,,1:2022,2026-03-14,9,Balatonudvari,1:005504440_0,,,24060,24060,24060,24060,0,0,SCHEDULED,06:41:00,06:41:00,06:41:00,06:41:00,2026-03-14 12:47:25.792279,mav_graphql_api,1.0
1:28522466,19709 KÉK HULLÁM InterCity,IC KÉK HULLÁM,Budapest-Déli,,1:2022,2026-03-14,10,Aszófő,1:005504424_0,,,24240,24300,24240,24300,0,0,SCHEDULED,06:44:00,06:45:00,06:44:00,06:45:00,2026-03-14 12:47:25.792279,mav_graphql_api,1.0
1:28522466,19709 KÉK HULLÁM InterCity,IC KÉK HULLÁM,Budapest-Déli,,1:2022,2026-03-14,11,Balatonfüred,1:005504416_0,,,24720,25680,24720,25680,0,0,SCHEDULED,06:52:00,07:08:00,06:52:00,07:08:00,2026-03-14 12:47:25.792279,mav_graphql_api,1.0
1:28522466,19709 KÉK HULLÁM InterCity,IC KÉK HULLÁM,Budapest-Déli,,1:2022,2026-03-14,12,Balatonalmádi,1:005504366_0,,,26400,26460,26400,26460,0,0,SCHEDULED,07:20:00,07:21:00,07:20:00,07:21:00,2026-03-14 12:47:25.792279,mav_graphql_api,1.0
1:28522466,19709 KÉK HULLÁM InterCity,IC KÉK HULLÁM,Budapest-Déli,,1:2022,2026-03-14,13,Székesfehérvár,1:005503269_0,,,29160,29220,29160,29220,0,0,SCHEDULED,08:06:00,08:07:00,08:06:00,08:07:00,2026-03-14 12:47:25.792279,mav_graphql_api,1.0
1:28522466,19709 KÉK HULLÁM InterCity,IC KÉK HULLÁM,Budapest-Déli,,1:2022,2026-03-14,14,Budapest-Kelenföld,1:005501024_0,,,31560,31620,31560,31620,0,0,SCHEDULED,08:46:00,08:47:00,08:46:00,08:47:00,2026-03-14 12:47:25.792279,mav_graphql_api,1.0
1:28522466,19709 KÉK HULLÁM InterCity,IC KÉK HULLÁM,Budapest-Déli,,1:2022,2026-03-14,15,Budapest-Déli,1:005501016_0,,,32040,32040,32040,32040,0,0,SCHEDULED,08:54:00,08:54:00,08:54:00,08:54:00,2026-03-14 12:47:25.792279,mav_graphql_api,1.0
1:28897674,19704 KÉK HULLÁM InterCity,IC KÉK HULLÁM,Tapolca,,1:2022,2026-03-14,0,Budapest-Déli,1:005501016_0,,,39900,39900,39900,39900,0,0,SCHEDULED,11:05:00,11:05:00,11:05:00,11:05:00,2026-03-14 12:47:25.792279,mav_graphql_api,1.0
1:28897674,19704 KÉK HULLÁM InterCity,IC KÉK HULLÁM,Tapolca,,1:2022,2026-03-14,1,Budapest-Kelenföld,1:005501024_0,,,40260,40320,40260,40320,0,0,SCHEDULED,11:11:00,11:12:00,11:11:00,11:12:00,2026-03-14 12:47:25.792279,mav_graphql_api,1.0
1:28897674,19704 KÉK HULLÁM InterCity,IC KÉK HULLÁM,Tapolca,,1:2022,2026-03-14,2,Székesfehérvár,1:005503269_0,,,42600,42660,42600,42660,0,0,SCHEDULED,11:50:00,11:51:00,11:50:00,11:51:00,2026-03-14 12:47:25.792279,mav_graphql_api,1.0
1:28897674,19704 KÉK HULLÁM InterCity,IC KÉK HULLÁM,Tapolca,,1:2022,2026-03-14,3,Balatonalmádi,1:005504366_0,,,45360,45420,45360,45420,0,0,SCHEDULED,12:36:00,12:37:00,12:36:00,12:37:00,2026-03-14 12:47:25.792279,mav_graphql_api,1.0
1:28897674,19704 KÉK HULLÁM InterCity,IC KÉK HULLÁM,Tapolca,,1:2022,2026-03-14,4,Balatonfüred,1:005504416_0,,,46260,46920,46260,46920,0,0,SCHEDULED,12:51:00,13:02:00,12:51:00,13:02:00,2026-03-14 12:47:25.792279,mav_graphql_api,1.0
1:28897674,19704 KÉK HULLÁM InterCity,IC KÉK HULLÁM,Tapolca,,1:2022,2026-03-14,5,Aszófő,1:005504424_0,,,47220,47280,47220,47280,0,0,SCHEDULED,13:07:00,13:08:00,13:07:00,13:08:00,2026-03-14 12:47:25.792279,mav_graphql_api,1.0
1:28897674,19704 KÉK HULLÁM InterCity,IC KÉK HULLÁM,Tapolca,,1:2022,2026-03-14,6,Örvényes,1:005504432_0,,,47400,47460,47400,47460,0,0,SCHEDULED,13:10:00,13:11:00,13:10:00,13:11:00,2026-03-14 12:47:25.792279,mav_graphql_api,1.0
1:28897674,19704 KÉK HULLÁM InterCity,IC KÉK HULLÁM,Tapolca,,1:2022,2026-03-14,7,Balatonudvari,1:005504440_0,,,47580,47640,47580,47640,0,0,SCHEDULED,13:13:00,13:14:00,13:13:00,13:14:00,2026-03-14 12:47:25.792279,mav_graphql_api,1.0
1:28897674,19704 KÉK HULLÁM InterCity,IC KÉK HULLÁM,Tapolca,,1:2022,2026-03-14,8,Fövenyes,1:005504457_0,,,47760,47820,47760,47820,0,0,SCHEDULED,13:16:00,13:17:00,13:16:00,13:17:00,2026-03-14 12:47:25.792279,mav_graphql_api,1.0
1:28897674,19704 KÉK HULLÁM InterCity,IC KÉK HULLÁM,Tapolca,,1:2022,2026-03-14,9,Balatonakali-Dörgicse,1:005504465_0,,,48060,48120,48060,48120,0,0,SCHEDULED,13:21:00,13:22:00,13:21:00,13:22:00,2026-03-14 12:47:25.792279,mav_graphql_api,1.0
1:28897674,19704 KÉK HULLÁM InterCity,IC KÉK HULLÁM,Tapolca,,1:2022,2026-03-14,10,Zánka-Erzsébettábor,1:005504309_0,,,48300,48360,48300,48360,0,0,SCHEDULED,13:25:00,13:26:00,13:25:00,13:26:00,2026-03-14 12:47:25.792279,mav_graphql_api,1.0
1:28897674,19704 KÉK HULLÁM InterCity,IC KÉK HULLÁM,Tapolca,,1:2022,2026-03-14,11,Zánka-Köveskál,1:005504473_0,,,48660,48840,48660,48840,0,0,SCHEDULED,13:31:00,13:34:00,13:31:00,13:34:00,2026-03-14 12:47:25.792279,mav_graphql_api,1.0
1:28897674,19704 KÉK HULLÁM InterCity,IC KÉK HULLÁM,Tapolca,,1:2022,2026-03-14,12,Balatonszepezd,1:005504481_0,,,49020,49080,49020,49080,0,0,SCHEDULED,13:37:00,13:38:00,13:37:00,13:38:00,2026-03-14 12:47:25.792279,mav_graphql_api,1.0
1:28897674,19704 KÉK HULLÁM InterCity,IC KÉK HULLÁM,Tapolca,,1:2022,2026-03-14,13,Révfülöp,1:005504507_0,,,49320,49380,49320,49380,0,0,SCHEDULED,13:42:00,13:43:00,13:42:00,13:43:00,2026-03-14 12:47:25.792279,mav_graphql_api,1.0
1:28897674,19704 KÉK HULLÁM InterCity,IC KÉK HULLÁM,Tapolca,,1:2022,2026-03-14,14,Balatonrendes,1:005504515_0,,,49680,49740,49680,49740,0,0,SCHEDULED,13:48:00,13:49:00,13:48:00,13:49:00,2026-03-14 12:47:25.792279,mav_graphql_api,1.0
1:28897674,19704 KÉK HULLÁM InterCity,IC KÉK HULLÁM,Tapolca,,1:2022,2026-03-14,15,Ábrahámhegy,1:005504523_0,,,49860,49920,49860,49920,0,0,SCHEDULED,13:51:00,13:52:00,13:51:00,13:52:00,2026-03-14 12:47:25.792279,mav_graphql_api,1.0
1:28897674,19704 KÉK HULLÁM InterCity,IC KÉK HULLÁM,Tapolca,,1:2022,2026-03-14,16,Badacsonytomaj,1:005504549_0,,,50280,50460,50280,50460,0,0,SCHEDULED,13:58:00,14:01:00,13:58:00,14:01:00,2026-03-14 12:47:25.792279,mav_graphql_api,1.0
1:28897674,19704 KÉK HULLÁM InterCity,IC KÉK HULLÁM,Tapolca,,1:2022,2026-03-14,17,Badacsony,1:005504556_0,,,50640,50700,50640,50700,0,0,SCHEDULED,14:04:00,14:05:00,14:04:00,14:05:00,2026-03-14 12:47:25.792279,mav_graphql_api,1.0
1:28897674,19704 KÉK HULLÁM InterCity,IC KÉK HULLÁM,Tapolca,,1:2022,2026-03-14,18,Badacsonylábdihegy,1:005504564_0,,,50880,50940,50880,50940,0,0,SCHEDULED,14:08:00,14:09:00,14:08:00,14:09:00,2026-03-14 12:47:25.792279,mav_graphql_api,1.0
1:28897674,19704 KÉK HULLÁM InterCity,IC KÉK HULLÁM,Tapolca,,1:2022,2026-03-14,19,Badacsonytördemic-Szigliget,1:005504572_0,,,51060,51120,51060,51120,0,0,SCHEDULED,14:11:00,14:12:00,14:11:00,14:12:00,2026-03-14 12:47:25.792279,mav_graphql_api,1.0
1:28897674,19704 KÉK HULLÁM InterCity,IC KÉK HULLÁM,Tapolca,,1:2022,2026-03-14,20,Nemesgulács-Kisapáti,1:005504580_0,,,51300,51360,51300,51360,0,0,SCHEDULED,14:15:00,14:16:00,14:15:00,14:16:00,2026-03-14 12:47:25.792279,mav_graphql_api,1.0
1:28897674,19704 KÉK HULLÁM InterCity,IC KÉK HULLÁM,Tapolca,,1:2022,2026-03-14,21,Tapolca,1:005504598_0,,,51840,51840,51840,51840,0,0,SCHEDULED,14:24:00,14:24:00,14:24:00,14:24:00,2026-03-14 12:47:25.792279,mav_graphql_api,1.0
1:28897675,19794 KÉK HULLÁM InterCity,IC KÉK HULLÁM,Tapolca,,1:2022,2026-03-14,0,Budapest-Déli,1:005501016_0,,,47100,47100,47100,47100,0,0,SCHEDULED,13:05:00,13:05:00,13:05:00,13:05:00,2026-03-14 12:47:25.792279,mav_graphql_api,1.0
1:28897675,19794 KÉK HULLÁM InterCity,IC KÉK HULLÁM,Tapolca,,1:2022,2026-03-14,1,Budapest-Kelenföld,1:005501024_0,,,47460,47520,47460,47520,0,0,SCHEDULED,13:11:00,13:12:00,13:11:00,13:12:00,2026-03-14 12:47:25.792279,mav_graphql_api,1.0
1:28897675,19794 KÉK HULLÁM InterCity,IC KÉK HULLÁM,Tapolca,,1:2022,2026-03-14,2,Székesfehérvár,1:005503269_0,,,49800,49860,49800,49860,0,0,SCHEDULED,13:50:00,13:51:00,13:50:00,13:51:00,2026-03-14 12:47:25.792279,mav_graphql_api,1.0
1:28897675,19794 KÉK HULLÁM InterCity,IC KÉK HULLÁM,Tapolca,,1:2022,2026-03-14,3,Balatonalmádi,1:005504366_0,,,52560,52620,52560,52620,0,0,SCHEDULED,14:36:00,14:37:00,14:36:00,14:37:00,2026-03-14 12:47:25.792279,mav_graphql_api,1.0
1:28897677,19707 KÉK HULLÁM InterCity,IC KÉK HULLÁM,Budapest-Déli,,1:2022,2026-03-14,0,Tapolca,1:005504598_0,,,27480,27480,27480,27480,0,0,SCHEDULED,07:38:00,07:38:00,07:38:00,07:38:00,2026-03-14 12:47:25.792279,mav_graphql_api,1.0
1:28897677,19707 KÉK HULLÁM InterCity,IC KÉK HULLÁM,Budapest-Déli,,1:2022,2026-03-14,1,Nemesgulács-Kisapáti,1:005504580_0,,,27840,27900,27840,27900,0,0,SCHEDULED,07:44:00,07:45:00,07:44:00,07:45:00,2026-03-14 12:47:25.792279,mav_graphql_api,1.0
1:28897677,19707 KÉK HULLÁM InterCity,IC KÉK HULLÁM,Budapest-Déli,,1:2022,2026-03-14,2,Badacsonytördemic-Szigliget,1:005504572_0,,,28080,28140,28080,28140,0,0,SCHEDULED,07:48:00,07:49:00,07:48:00,07:49:00,2026-03-14 12:47:25.792279,mav_graphql_api,1.0
1:28897677,19707 KÉK HULLÁM InterCity,IC KÉK HULLÁM,Budapest-Déli,,1:2022,2026-03-14,3,Badacsonylábdihegy,1:005504564_0,,,28260,28320,28260,28320,0,0,SCHEDULED,07:51:00,07:52:00,07:51:00,07:52:00,2026-03-14 12:47:25.792279,mav_graphql_api,1.0
1:28897677,19707 KÉK HULLÁM InterCity,IC KÉK HULLÁM,Budapest-Déli,,1:2022,2026-03-14,4,Badacsony,1:005504556_0,,,28560,28620,28560,28620,0,0,SCHEDULED,07:56:00,07:57:00,07:56:00,07:57:00,2026-03-14 12:47:25.792279,mav_graphql_api,1.0
1:28897677,19707 KÉK HULLÁM InterCity,IC KÉK HULLÁM,Budapest-Déli,,1:2022,2026-03-14,5,Badacsonytomaj,1:005504549_0,,,28800,28860,28800,28860,0,0,SCHEDULED,08:00:00,08:01:00,08:00:00,08:01:00,2026-03-14 12:47:25.792279,mav_graphql_api,1.0
1:28897677,19707 KÉK HULLÁM InterCity,IC KÉK HULLÁM,Budapest-Déli,,1:2022,2026-03-14,6,Ábrahámhegy,1:005504523_0,,,29160,29220,29160,29220,0,0,SCHEDULED,08:06:00,08:07:00,08:06:00,08:07:00,2026-03-14 12:47:25.792279,mav_graphql_api,1.0
1:28897677,19707 KÉK HULLÁM InterCity,IC KÉK HULLÁM,Budapest-Déli,,1:2022,2026-03-14,7,Balatonrendes,1:005504515_0,,,29340,29400,29340,29400,0,0,SCHEDULED,08:09:00,08:10:00,08:09:00,08:10:00,2026-03-14 12:47:25.792279,mav_graphql_api,1.0
1:28897677,19707 KÉK HULLÁM InterCity,IC KÉK HULLÁM,Budapest-Déli,,1:2022,2026-03-14,8,Révfülöp,1:005504507_0,,,29700,29760,29700,29760,0,0,SCHEDULED,08:15:00,08:16:00,08:15:00,08:16:00,2026-03-14 12:47:25.792279,mav_graphql_api,1.0
1:28897677,19707 KÉK HULLÁM InterCity,IC KÉK HULLÁM,Budapest-Déli,,1:2022,2026-03-14,9,Balatonszepezd,1:005504481_0,,,30000,30060,30000,30060,0,0,SCHEDULED,08:20:00,08:21:00,08:20:00,08:21:00,2026-03-14 12:47:25.792279,mav_graphql_api,1.0
1:28897677,19707 KÉK HULLÁM InterCity,IC KÉK HULLÁM,Budapest-Déli,,1:2022,2026-03-14,10,Zánka-Köveskál,1:005504473_0,,,30300,30360,30300,30360,0,0,SCHEDULED,08:25:00,08:26:00,08:25:00,08:26:00,2026-03-14 12:47:25.792279,mav_graphql_api,1.0
1:28897677,19707 KÉK HULLÁM InterCity,IC KÉK HULLÁM,Budapest-Déli,,1:2022,2026-03-14,11,Zánka-Erzsébettábor,1:005504309_0,,,30480,30540,30480,30540,0,0,SCHEDULED,08:28:00,08:29:00,08:28:00,08:29:00,2026-03-14 12:47:25.792279,mav_graphql_api,1.0
1:28897677,19707 KÉK HULLÁM InterCity,IC KÉK HULLÁM,Budapest-Déli,,1:2022,2026-03-14,12,Balatonakali-Dörgicse,1:005504465_0,,,30780,30840,30780,30840,0,0,SCHEDULED,08:33:00,08:34:00,08:33:00,08:34:00,2026-03-14 12:47:25.792279,mav_graphql_api,1.0
1:28897677,19707 KÉK HULLÁM InterCity,IC KÉK HULLÁM,Budapest-Déli,,1:2022,2026-03-14,13,Fövenyes,1:005504457_0,,,31080,31140,31080,31140,0,0,SCHEDULED,08:38:00,08:39:00,08:38:00,08:39:00,2026-03-14 12:47:25.792279,mav_graphql_api,1.0
1:28897677,19707 KÉK HULLÁM InterCity,IC KÉK HULLÁM,Budapest-Déli,,1:2022,2026-03-14,14,Balatonudvari,1:005504440_0,,,31260,31320,31260,31320,0,0,SCHEDULED,08:41:00,08:42:00,08:41:00,08:42:00,2026-03-14 12:47:25.792279,mav_graphql_api,1.0
1:28897677,19707 KÉK HULLÁM InterCity,IC KÉK HULLÁM,Budapest-Déli,,1:2022,2026-03-14,15,Örvényes,1:005504432_0,,,31440,31500,31440,31500,0,0,SCHEDULED,08:44:00,08:45:00,08:44:00,08:45:00,2026-03-14 12:47:25.792279,mav_graphql_api,1.0
1:28897677,19707 KÉK HULLÁM InterCity,IC KÉK HULLÁM,Budapest-Déli,,1:2022,2026-03-14,16,Aszófő,1:005504424_0,,,31620,31680,31620,31680,0,0,SCHEDULED,08:47:00,08:48:00,08:47:00,08:48:00,2026-03-14 12:47:25.792279,mav_graphql_api,1.0
1:28897677,19707 KÉK HULLÁM InterCity,IC KÉK HULLÁM,Budapest-Déli,,1:2022,2026-03-14,17,Balatonfüred,1:005504416_0,,,32100,32880,32100,32880,0,0,SCHEDULED,08:55:00,09:08:00,08:55:00,09:08:00,2026-03-14 12:47:25.792279,mav_graphql_api,1.0
1:28897677,19707 KÉK HULLÁM InterCity,IC KÉK HULLÁM,Budapest-Déli,,1:2022,2026-03-14,18,Balatonalmádi,1:005504366_0,,,33600,33660,33600,33660,0,0,SCHEDULED,09:20:00,09:21:00,09:20:00,09:21:00,2026-03-14 12:47:25.792279,mav_graphql_api,1.0
1:28897677,19707 KÉK HULLÁM InterCity,IC KÉK HULLÁM,Budapest-Déli,,1:2022,2026-03-14,19,Székesfehérvár,1:005503269_0,,,36360,36420,36360,36420,0,0,SCHEDULED,10:06:00,10:07:00,10:06:00,10:07:00,2026-03-14 12:47:25.792279,mav_graphql_api,1.0
1:28897677,19707 KÉK HULLÁM InterCity,IC KÉK HULLÁM,Budapest-Déli,,1:2022,2026-03-14,20,Budapest-Kelenföld,1:005501024_0,,,38760,38820,38760,38820,0,0,SCHEDULED,10:46:00,10:47:00,10:46:00,10:47:00,2026-03-14 12:47:25.792279,mav_graphql_api,1.0
1:28897677,19707 KÉK HULLÁM InterCity,IC KÉK HULLÁM,Budapest-Déli,,1:2022,2026-03-14,21,Budapest-Déli,1:005501016_0,,,39240,39240,39240,39240,0,0,SCHEDULED,10:54:00,10:54:00,10:54:00,10:54:00,2026-03-14 12:47:25.792279,mav_graphql_api,1.0
1:28897678,19797 KÉK HULLÁM InterCity,IC KÉK HULLÁM,Budapest-Déli,,1:2022,2026-03-14,0,Szombathely,1:004302246_0,,,28920,28920,28920,28920,0,0,SCHEDULED,08:02:00,08:02:00,08:02:00,08:02:00,2026-03-14 12:47:25.792279,mav_graphql_api,1.0
1:28897678,19797 KÉK HULLÁM InterCity,IC KÉK HULLÁM,Budapest-Déli,,1:2022,2026-03-14,1,Sárvár,1:005502212_0,,,30000,30060,30000,30060,0,0,SCHEDULED,08:20:00,08:21:00,08:20:00,08:21:00,2026-03-14 12:47:25.792279,mav_graphql_api,1.0
1:28897678,19797 KÉK HULLÁM InterCity,IC KÉK HULLÁM,Budapest-Déli,,1:2022,2026-03-14,2,Celldömölk,1:005502170_0,,,31020,31260,31020,31260,0,0,SCHEDULED,08:37:00,08:41:00,08:37:00,08:41:00,2026-03-14 12:47:25.792279,mav_graphql_api,1.0
1:28897678,19797 KÉK HULLÁM InterCity,IC KÉK HULLÁM,Budapest-Déli,,1:2022,2026-03-14,3,Boba,1:005504093_0,,,31800,31860,31800,31860,0,0,SCHEDULED,08:50:00,08:51:00,08:50:00,08:51:00,2026-03-14 12:47:25.792279,mav_graphql_api,1.0
1:28897678,19797 KÉK HULLÁM InterCity,IC KÉK HULLÁM,Budapest-Déli,,1:2022,2026-03-14,4,Tapolca,1:005504598_0,,,34620,34680,34620,34680,0,0,SCHEDULED,09:37:00,09:38:00,09:37:00,09:38:00,2026-03-14 12:47:25.792279,mav_graphql_api,1.0
1:28897678,19797 KÉK HULLÁM InterCity,IC KÉK HULLÁM,Budapest-Déli,,1:2022,2026-03-14,5,Nemesgulács-Kisapáti,1:005504580_0,,,35040,35100,35040,35100,0,0,SCHEDULED,09:44:00,09:45:00,09:44:00,09:45:00,2026-03-14 12:47:25.792279,mav_graphql_api,1.0
1:28897678,19797 KÉK HULLÁM InterCity,IC KÉK HULLÁM,Budapest-Déli,,1:2022,2026-03-14,6,Badacsonytördemic-Szigliget,1:005504572_0,,,35280,35340,35280,35340,0,0,SCHEDULED,09:48:00,09:49:00,09:48:00,09:49:00,2026-03-14 12:47:25.792279,mav_graphql_api,1.0
1:28897678,19797 KÉK HULLÁM InterCity,IC KÉK HULLÁM,Budapest-Déli,,1:2022,2026-03-14,7,Badacsonylábdihegy,1:005504564_0,,,35460,35520,35460,35520,0,0,SCHEDULED,09:51:00,09:52:00,09:51:00,09:52:00,2026-03-14 12:47:25.792279,mav_graphql_api,1.0
1:28897678,19797 KÉK HULLÁM InterCity,IC KÉK HULLÁM,Budapest-Déli,,1:2022,2026-03-14,8,Badacsony,1:005504556_0,,,35760,35820,35760,35820,0,0,SCHEDULED,09:56:00,09:57:00,09:56:00,09:57:00,2026-03-14 12:47:25.792279,mav_graphql_api,1.0
1:28897678,19797 KÉK HULLÁM InterCity,IC KÉK HULLÁM,Budapest-Déli,,1:2022,2026-03-14,9,Badacsonytomaj,1:005504549_0,,,36000,36060,36000,36060,0,0,SCHEDULED,10:00:00,10:01:00,10:00:00,10:01:00,2026-03-14 12:47:25.792279,mav_graphql_api,1.0
1:28897678,19797 KÉK HULLÁM InterCity,IC KÉK HULLÁM,Budapest-Déli,,1:2022,2026-03-14,10,Ábrahámhegy,1:005504523_0,,,36360,36420,36360,36420,0,0,SCHEDULED,10:06:00,10:07:00,10:06:00,10:07:00,2026-03-14 12:47:25.792279,mav_graphql_api,1.0
1:28897678,19797 KÉK HULLÁM InterCity,IC KÉK HULLÁM,Budapest-Déli,,1:2022,2026-03-14,11,Balatonrendes,1:005504515_0,,,36540,36600,36540,36600,0,0,SCHEDULED,10:09:00,10:10:00,10:09:00,10:10:00,2026-03-14 12:47:25.792279,mav_graphql_api,1.0
1:28897678,19797 KÉK HULLÁM InterCity,IC KÉK HULLÁM,Budapest-Déli,,1:2022,2026-03-14,12,Révfülöp,1:005504507_0,,,36900,36960,36900,36960,0,0,SCHEDULED,10:15:00,10:16:00,10:15:00,10:16:00,2026-03-14 12:47:25.792279,mav_graphql_api,1.0
1:28897678,19797 KÉK HULLÁM InterCity,IC KÉK HULLÁM,Budapest-Déli,,1:2022,2026-03-14,13,Balatonszepezd,1:005504481_0,,,37200,37260,37200,37260,0,0,SCHEDULED,10:20:00,10:21:00,10:20:00,10:21:00,2026-03-14 12:47:25.792279,mav_graphql_api,1.0
1:28897678,19797 KÉK HULLÁM InterCity,IC KÉK HULLÁM,Budapest-Déli,,1:2022,2026-03-14,14,Zánka-Köveskál,1:005504473_0,,,37500,37560,37500,37560,0,0,SCHEDULED,10:25:00,10:26:00,10:25:00,10:26:00,2026-03-14 12:47:25.792279,mav_graphql_api,1.0
1:28897678,19797 KÉK HULLÁM InterCity,IC KÉK HULLÁM,Budapest-Déli,,1:2022,2026-03-14,15,Zánka-Erzsébettábor,1:005504309_0,,,37680,37740,37680,37740,0,0,SCHEDULED,10:28:00,10:29:00,10:28:00,10:29:00,2026-03-14 12:47:25.792279,mav_graphql_api,1.0
1:28897678,19797 KÉK HULLÁM InterCity,IC KÉK HULLÁM,Budapest-Déli,,1:2022,2026-03-14,16,Balatonakali-Dörgicse,1:005504465_0,,,37980,38040,37980,38040,0,0,SCHEDULED,10:33:00,10:34:00,10:33:00,10:34:00,2026-03-14 12:47:25.792279,mav_graphql_api,1.0
1:28897678,19797 KÉK HULLÁM InterCity,IC KÉK HULLÁM,Budapest-Déli,,1:2022,2026-03-14,17,Fövenyes,1:005504457_0,,,38280,38340,38280,38340,0,0,SCHEDULED,10:38:00,10:39:00,10:38:00,10:39:00,2026-03-14 12:47:25.792279,mav_graphql_api,1.0
1:28897678,19797 KÉK HULLÁM InterCity,IC KÉK HULLÁM,Budapest-Déli,,1:2022,2026-03-14,18,Balatonudvari,1:005504440_0,,,38460,38520,38460,38520,0,0,SCHEDULED,10:41:00,10:42:00,10:41:00,10:42:00,2026-03-14 12:47:25.792279,mav_graphql_api,1.0
1:28897678,19797 KÉK HULLÁM InterCity,IC KÉK HULLÁM,Budapest-Déli,,1:2022,2026-03-14,19,Örvényes,1:005504432_0,,,38640,38700,38640,38700,0,0,SCHEDULED,10:44:00,10:45:00,10:44:00,10:45:00,2026-03-14 12:47:25.792279,mav_graphql_api,1.0
1:28897678,19797 KÉK HULLÁM InterCity,IC KÉK HULLÁM,Budapest-Déli,,1:2022,2026-03-14,20,Aszófő,1:005504424_0,,,38820,38880,38820,38880,0,0,SCHEDULED,10:47:00,10:48:00,10:47:00,10:48:00,2026-03-14 12:47:25.792279,mav_graphql_api,1.0
1:28897678,19797 KÉK HULLÁM InterCity,IC KÉK HULLÁM,Budapest-Déli,,1:2022,2026-03-14,21,Balatonfüred,1:005504416_0,,,39300,40080,39300,40080,0,0,SCHEDULED,10:55:00,11:08:00,10:55:00,11:08:00,2026-03-14 12:47:25.792279,mav_graphql_api,1.0
1:28897678,19797 KÉK HULLÁM InterCity,IC KÉK HULLÁM,Budapest-Déli,,1:2022,2026-03-14,22,Balatonalmádi,1:005504366_0,,,40800,40860,40800,40860,0,0,SCHEDULED,11:20:00,11:21:00,11:20:00,11:21:00,2026-03-14 12:47:25.792279,mav_graphql_api,1.0
1:28897678,19797 KÉK HULLÁM InterCity,IC KÉK HULLÁM,Budapest-Déli,,1:2022,2026-03-14,23,Székesfehérvár,1:005503269_0,,,43560,43620,43560,43620,0,0,SCHEDULED,12:06:00,12:07:00,12:06:00,12:07:00,2026-03-14 12:47:25.792279,mav_graphql_api,1.0
1:28897678,19797 KÉK HULLÁM InterCity,IC KÉK HULLÁM,Budapest-Déli,,1:2022,2026-03-14,24,Budapest-Kelenföld,1:005501024_0,,,45960,46020,45960,46020,0,0,SCHEDULED,12:46:00,12:47:00,12:46:00,12:47:00,2026-03-14 12:47:25.792279,mav_graphql_api,1.0
1:28897678,19797 KÉK HULLÁM InterCity,IC KÉK HULLÁM,Budapest-Déli,,1:2022,2026-03-14,25,Budapest-Déli,1:005501016_0,,,46440,46440,46440,46440,0,0,SCHEDULED,12:54:00,12:54:00,12:54:00,12:54:00,2026-03-14 12:47:25.792279,mav_graphql_api,1.0
1:28897679,19795 KÉK HULLÁM InterCity,IC KÉK HULLÁM,Budapest-Déli,,1:2022,2026-03-14,0,Tapolca,1:005504598_0,,,49080,49080,49080,49080,0,0,SCHEDULED,13:38:00,13:38:00,13:38:00,13:38:00,2026-03-14 12:47:25.792279,mav_graphql_api,1.0
1:28897679,19795 KÉK HULLÁM InterCity,IC KÉK HULLÁM,Budapest-Déli,,1:2022,2026-03-14,1,Nemesgulács-Kisapáti,1:005504580_0,,,49440,49500,49440,49500,0,0,SCHEDULED,13:44:00,13:45:00,13:44:00,13:45:00,2026-03-14 12:47:25.792279,mav_graphql_api,1.0
1:28897679,19795 KÉK HULLÁM InterCity,IC KÉK HULLÁM,Budapest-Déli,,1:2022,2026-03-14,2,Badacsonytördemic-Szigliget,1:005504572_0,,,49680,49740,49680,49740,0,0,SCHEDULED,13:48:00,13:49:00,13:48:00,13:49:00,2026-03-14 12:47:25.792279,mav_graphql_api,1.0
1:28897679,19795 KÉK HULLÁM InterCity,IC KÉK HULLÁM,Budapest-Déli,,1:2022,2026-03-14,3,Badacsonylábdihegy,1:005504564_0,,,49860,49920,49860,49920,0,0,SCHEDULED,13:51:00,13:52:00,13:51:00,13:52:00,2026-03-14 12:47:25.792279,mav_graphql_api,1.0
1:28897679,19795 KÉK HULLÁM InterCity,IC KÉK HULLÁM,Budapest-Déli,,1:2022,2026-03-14,4,Badacsony,1:005504556_0,,,50160,50220,50160,50220,0,0,SCHEDULED,13:56:00,13:57:00,13:56:00,13:57:00,2026-03-14 12:47:25.792279,mav_graphql_api,1.0
1:28897679,19795 KÉK HULLÁM InterCity,IC KÉK HULLÁM,Budapest-Déli,,1:2022,2026-03-14,5,Badacsonytomaj,1:005504549_0,,,50400,50460,50400,50460,0,0,SCHEDULED,14:00:00,14:01:00,14:00:00,14:01:00,2026-03-14 12:47:25.792279,mav_graphql_api,1.0
1:28897679,19795 KÉK HULLÁM InterCity,IC KÉK HULLÁM,Budapest-Déli,,1:2022,2026-03-14,6,Ábrahámhegy,1:005504523_0,,,50760,50820,50760,50820,0,0,SCHEDULED,14:06:00,14:07:00,14:06:00,14:07:00,2026-03-14 12:47:25.792279,mav_graphql_api,1.0
1:28897679,19795 KÉK HULLÁM InterCity,IC KÉK HULLÁM,Budapest-Déli,,1:2022,2026-03-14,7,Balatonrendes,1:005504515_0,,,50940,51000,50940,51000,0,0,SCHEDULED,14:09:00,14:10:00,14:09:00,14:10:00,2026-03-14 12:47:25.792279,mav_graphql_api,1.0
1:28897679,19795 KÉK HULLÁM InterCity,IC KÉK HULLÁM,Budapest-Déli,,1:2022,2026-03-14,8,Révfülöp,1:005504507_0,,,51300,51360,51300,51360,0,0,SCHEDULED,14:15:00,14:16:00,14:15:00,14:16:00,2026-03-14 12:47:25.792279,mav_graphql_api,1.0
1:28897679,19795 KÉK HULLÁM InterCity,IC KÉK HULLÁM,Budapest-Déli,,1:2022,2026-03-14,9,Balatonszepezd,1:005504481_0,,,51600,51660,51600,51660,0,0,SCHEDULED,14:20:00,14:21:00,14:20:00,14:21:00,2026-03-14 12:47:25.792279,mav_graphql_api,1.0
1:28897679,19795 KÉK HULLÁM InterCity,IC KÉK HULLÁM,Budapest-Déli,,1:2022,2026-03-14,10,Zánka-Köveskál,1:005504473_0,,,51900,51960,51900,51960,0,0,SCHEDULED,14:25:00,14:26:00,14:25:00,14:26:00,2026-03-14 12:47:25.792279,mav_graphql_api,1.0
1:28897679,19795 KÉK HULLÁM InterCity,IC KÉK HULLÁM,Budapest-Déli,,1:2022,2026-03-14,11,Zánka-Erzsébettábor,1:005504309_0,,,52080,52140,52080,52140,0,0,SCHEDULED,14:28:00,14:29:00,14:28:00,14:29:00,2026-03-14 12:47:25.792279,mav_graphql_api,1.0
1:28897679,19795 KÉK HULLÁM InterCity,IC KÉK HULLÁM,Budapest-Déli,,1:2022,2026-03-14,12,Balatonakali-Dörgicse,1:005504465_0,,,52380,52440,52380,52440,0,0,SCHEDULED,14:33:00,14:34:00,14:33:00,14:34:00,2026-03-14 12:47:25.792279,mav_graphql_api,1.0
1:28897679,19795 KÉK HULLÁM InterCity,IC KÉK HULLÁM,Budapest-Déli,,1:2022,2026-03-14,13,Fövenyes,1:005504457_0,,,52680,52740,52680,52740,0,0,SCHEDULED,14:38:00,14:39:00,14:38:00,14:39:00,2026-03-14 12:47:25.792279,mav_graphql_api,1.0
1:28897679,19795 KÉK HULLÁM InterCity,IC KÉK HULLÁM,Budapest-Déli,,1:2022,2026-03-14,14,Balatonudvari,1:005504440_0,,,52860,52920,52860,52920,0,0,SCHEDULED,14:41:00,14:42:00,14:41:00,14:42:00,2026-03-14 12:47:25.792279,mav_graphql_api,1.0
1:28897679,19795 KÉK HULLÁM InterCity,IC KÉK HULLÁM,Budapest-Déli,,1:2022,2026-03-14,15,Örvényes,1:005504432_0,,,53040,53100,53040,53100,0,0,SCHEDULED,14:44:00,14:45:00,14:44:00,14:45:00,2026-03-14 12:47:25.792279,mav_graphql_api,1.0
1:28897840,19705 KÉK HULLÁM InterCity,IC KÉK HULLÁM,Budapest-Déli,,1:2011,2026-03-14,0,Tapolca,1:005504598_0,,,41880,41880,41880,41880,0,0,SCHEDULED,11:38:00,11:38:00,11:38:00,11:38:00,2026-03-14 12:47:25.792279,mav_graphql_api,1.0
1:28897840,19705 KÉK HULLÁM InterCity,IC KÉK HULLÁM,Budapest-Déli,,1:2011,2026-03-14,1,Nemesgulács-Kisapáti,1:005504580_0,,,42240,42300,42240,42300,0,0,SCHEDULED,11:44:00,11:45:00,11:44:00,11:45:00,2026-03-14 12:47:25.792279,mav_graphql_api,1.0
1:28897840,19705 KÉK HULLÁM InterCity,IC KÉK HULLÁM,Budapest-Déli,,1:2011,2026-03-14,2,Badacsonytördemic-Szigliget,1:005504572_0,,,42480,42540,42480,42540,0,0,SCHEDULED,11:48:00,11:49:00,11:48:00,11:49:00,2026-03-14 12:47:25.792279,mav_graphql_api,1.0
1:28897840,19705 KÉK HULLÁM InterCity,IC KÉK HULLÁM,Budapest-Déli,,1:2011,2026-03-14,3,Badacsonylábdihegy,1:005504564_0,,,42660,42720,42660,42720,0,0,SCHEDULED,11:51:00,11:52:00,11:51:00,11:52:00,2026-03-14 12:47:25.792279,mav_graphql_api,1.0
1:28897840,19705 KÉK HULLÁM InterCity,IC KÉK HULLÁM,Budapest-Déli,,1:2011,2026-03-14,4,Badacsony,1:005504556_0,,,42960,43020,42960,43020,0,0,SCHEDULED,11:56:00,11:57:00,11:56:00,11:57:00,2026-03-14 12:47:25.792279,mav_graphql_api,1.0
1:28897840,19705 KÉK HULLÁM InterCity,IC KÉK HULLÁM,Budapest-Déli,,1:2011,2026-03-14,5,Badacsonytomaj,1:005504549_0,,,43200,43260,43200,43260,0,0,SCHEDULED,12:00:00,12:01:00,12:00:00,12:01:00,2026-03-14 12:47:25.792279,mav_graphql_api,1.0
1:28897840,19705 KÉK HULLÁM InterCity,IC KÉK HULLÁM,Budapest-Déli,,1:2011,2026-03-14,6,Ábrahámhegy,1:005504523_0,,,43560,43620,43560,43620,0,0,SCHEDULED,12:06:00,12:07:00,12:06:00,12:07:00,2026-03-14 12:47:25.792279,mav_graphql_api,1.0
1:28897840,19705 KÉK HULLÁM InterCity,IC KÉK HULLÁM,Budapest-Déli,,1:2011,2026-03-14,7,Balatonrendes,1:005504515_0,,,43740,43800,43740,43800,0,0,SCHEDULED,12:09:00,12:10:00,12:09:00,12:10:00,2026-03-14 12:47:25.792279,mav_graphql_api,1.0
1:28897840,19705 KÉK HULLÁM InterCity,IC KÉK HULLÁM,Budapest-Déli,,1:2011,2026-03-14,8,Révfülöp,1:005504507_0,,,44100,44160,44100,44160,0,0,SCHEDULED,12:15:00,12:16:00,12:15:00,12:16:00,2026-03-14 12:47:25.792279,mav_graphql_api,1.0
1:28897840,19705 KÉK HULLÁM InterCity,IC KÉK HULLÁM,Budapest-Déli,,1:2011,2026-03-14,9,Balatonszepezd,1:005504481_0,,,44400,44460,44400,44460,0,0,SCHEDULED,12:20:00,12:21:00,12:20:00,12:21:00,2026-03-14 12:47:25.792279,mav_graphql_api,1.0
1:28897840,19705 KÉK HULLÁM InterCity,IC KÉK HULLÁM,Budapest-Déli,,1:2011,2026-03-14,10,Zánka-Köveskál,1:005504473_0,,,44700,44760,44700,44760,0,0,SCHEDULED,12:25:00,12:26:00,12:25:00,12:26:00,2026-03-14 12:47:25.792279,mav_graphql_api,1.0
1:28897840,19705 KÉK HULLÁM InterCity,IC KÉK HULLÁM,Budapest-Déli,,1:2011,2026-03-14,11,Zánka-Erzsébettábor,1:005504309_0,,,44880,44940,44880,44940,0,0,SCHEDULED,12:28:00,12:29:00,12:28:00,12:29:00,2026-03-14 12:47:25.792279,mav_graphql_api,1.0
1:28897840,19705 KÉK HULLÁM InterCity,IC KÉK HULLÁM,Budapest-Déli,,1:2011,2026-03-14,12,Balatonakali-Dörgicse,1:005504465_0,,,45180,45240,45180,45240,0,0,SCHEDULED,12:33:00,12:34:00,12:33:00,12:34:00,2026-03-14 12:47:25.792279,mav_graphql_api,1.0
1:28897840,19705 KÉK HULLÁM InterCity,IC KÉK HULLÁM,Budapest-Déli,,1:2011,2026-03-14,13,Fövenyes,1:005504457_0,,,45480,45540,45480,45540,0,0,SCHEDULED,12:38:00,12:39:00,12:38:00,12:39:00,2026-03-14 12:47:25.792279,mav_graphql_api,1.0
1:28897840,19705 KÉK HULLÁM InterCity,IC KÉK HULLÁM,Budapest-Déli,,1:2011,2026-03-14,14,Balatonudvari,1:005504440_0,,,45660,45720,45660,45720,0,0,SCHEDULED,12:41:00,12:42:00,12:41:00,12:42:00,2026-03-14 12:47:25.792279,mav_graphql_api,1.0
1:28897840,19705 KÉK HULLÁM InterCity,IC KÉK HULLÁM,Budapest-Déli,,1:2011,2026-03-14,15,Örvényes,1:005504432_0,,,45840,45900,45840,45900,0,0,SCHEDULED,12:44:00,12:45:00,12:44:00,12:45:00,2026-03-14 12:47:25.792279,mav_graphql_api,1.0
1:28897840,19705 KÉK HULLÁM InterCity,IC KÉK HULLÁM,Budapest-Déli,,1:2011,2026-03-14,16,Aszófő,1:005504424_0,,,46020,46080,46020,46080,0,0,SCHEDULED,12:47:00,12:48:00,12:47:00,12:48:00,2026-03-14 12:47:25.792279,mav_graphql_api,1.0
1:28897840,19705 KÉK HULLÁM InterCity,IC KÉK HULLÁM,Budapest-Déli,,1:2011,2026-03-14,17,Balatonfüred,1:005504416_0,,,46500,47280,46500,47280,0,0,SCHEDULED,12:55:00,13:08:00,12:55:00,13:08:00,2026-03-14 12:47:25.792279,mav_graphql_api,1.0
1:28897840,19705 KÉK HULLÁM InterCity,IC KÉK HULLÁM,Budapest-Déli,,1:2011,2026-03-14,18,Balatonalmádi,1:005504366_0,,,48000,48060,48000,48060,0,0,SCHEDULED,13:20:00,13:21:00,13:20:00,13:21:00,2026-03-14 12:47:25.792279,mav_graphql_api,1.0
1:28897840,19705 KÉK HULLÁM InterCity,IC KÉK HULLÁM,Budapest-Déli,,1:2011,2026-03-14,19,Székesfehérvár,1:005503269_0,,,50760,50820,50760,50820,0,0,SCHEDULED,14:06:00,14:07:00,14:06:00,14:07:00,2026-03-14 12:47:25.792279,mav_graphql_api,1.0
1:28897840,19705 KÉK HULLÁM InterCity,IC KÉK HULLÁM,Budapest-Déli,,1:2011,2026-03-14,20,Budapest-Kelenföld,1:005501024_0,,,53160,53220,53160,53220,0,0,SCHEDULED,14:46:00,14:47:00,14:46:00,14:47:00,2026-03-14 12:47:25.792279,mav_graphql_api,1.0
1:28937516,19702 KÉK HULLÁM InterCity,IC KÉK HULLÁM,Tapolca,,1:2022,2026-03-14,0,Budapest-Déli,1:005501016_0,,,25500,25500,25500,25500,0,0,SCHEDULED,07:05:00,07:05:00,07:05:00,07:05:00,2026-03-14 12:47:25.792279,mav_graphql_api,1.0
1:28937516,19702 KÉK HULLÁM InterCity,IC KÉK HULLÁM,Tapolca,,1:2022,2026-03-14,1,Budapest-Kelenföld,1:005501024_0,,,25860,25920,25860,25920,0,0,SCHEDULED,07:11:00,07:12:00,07:11:00,07:12:00,2026-03-14 12:47:25.792279,mav_graphql_api,1.0
1:28937516,19702 KÉK HULLÁM InterCity,IC KÉK HULLÁM,Tapolca,,1:2022,2026-03-14,2,Székesfehérvár,1:005503269_0,,,28200,28260,28200,28260,0,0,SCHEDULED,07:50:00,07:51:00,07:50:00,07:51:00,2026-03-14 12:47:25.792279,mav_graphql_api,1.0
1:28937516,19702 KÉK HULLÁM InterCity,IC KÉK HULLÁM,Tapolca,,1:2022,2026-03-14,3,Balatonalmádi,1:005504366_0,,,30960,31020,30960,31020,0,0,SCHEDULED,08:36:00,08:37:00,08:36:00,08:37:00,2026-03-14 12:47:25.792279,mav_graphql_api,1.0
1:28937516,19702 KÉK HULLÁM InterCity,IC KÉK HULLÁM,Tapolca,,1:2022,2026-03-14,4,Balatonfüred,1:005504416_0,,,31860,32520,31860,32520,0,0,SCHEDULED,08:51:00,09:02:00,08:51:00,09:02:00,2026-03-14 12:47:25.792279,mav_graphql_api,1.0
1:28937516,19702 KÉK HULLÁM InterCity,IC KÉK HULLÁM,Tapolca,,1:2022,2026-03-14,5,Aszófő,1:005504424_0,,,32820,32880,32820,32880,0,0,SCHEDULED,09:07:00,09:08:00,09:07:00,09:08:00,2026-03-14 12:47:25.792279,mav_graphql_api,1.0
1:28937516,19702 KÉK HULLÁM InterCity,IC KÉK HULLÁM,Tapolca,,1:2022,2026-03-14,6,Örvényes,1:005504432_0,,,33000,33060,33000,33060,0,0,SCHEDULED,09:10:00,09:11:00,09:10:00,09:11:00,2026-03-14 12:47:25.792279,mav_graphql_api,1.0
1:28937516,19702 KÉK HULLÁM InterCity,IC KÉK HULLÁM,Tapolca,,1:2022,2026-03-14,7,Balatonudvari,1:005504440_0,,,33180,33240,33180,33240,0,0,SCHEDULED,09:13:00,09:14:00,09:13:00,09:14:00,2026-03-14 12:47:25.792279,mav_graphql_api,1.0
1:28937516,19702 KÉK HULLÁM InterCity,IC KÉK HULLÁM,Tapolca,,1:2022,2026-03-14,8,Fövenyes,1:005504457_0,,,33360,33420,33360,33420,0,0,SCHEDULED,09:16:00,09:17:00,09:16:00,09:17:00,2026-03-14 12:47:25.792279,mav_graphql_api,1.0
1:28937516,19702 KÉK HULLÁM InterCity,IC KÉK HULLÁM,Tapolca,,1:2022,2026-03-14,9,Balatonakali-Dörgicse,1:005504465_0,,,33660,33720,33660,33720,0,0,SCHEDULED,09:21:00,09:22:00,09:21:00,09:22:00,2026-03-14 12:47:25.792279,mav_graphql_api,1.0
1:28937516,19702 KÉK HULLÁM InterCity,IC KÉK HULLÁM,Tapolca,,1:2022,2026-03-14,10,Zánka-Erzsébettábor,1:005504309_0,,,33900,33960,33900,33960,0,0,SCHEDULED,09:25:00,09:26:00,09:25:00,09:26:00,2026-03-14 12:47:25.792279,mav_graphql_api,1.0
1:28937516,19702 KÉK HULLÁM InterCity,IC KÉK HULLÁM,Tapolca,,1:2022,2026-03-14,11,Zánka-Köveskál,1:005504473_0,,,34260,34440,34260,34440,0,0,SCHEDULED,09:31:00,09:34:00,09:31:00,09:34:00,2026-03-14 12:47:25.792279,mav_graphql_api,1.0
1:28937516,19702 KÉK HULLÁM InterCity,IC KÉK HULLÁM,Tapolca,,1:2022,2026-03-14,12,Balatonszepezd,1:005504481_0,,,34620,34680,34620,34680,0,0,SCHEDULED,09:37:00,09:38:00,09:37:00,09:38:00,2026-03-14 12:47:25.792279,mav_graphql_api,1.0
1:28937516,19702 KÉK HULLÁM InterCity,IC KÉK HULLÁM,Tapolca,,1:2022,2026-03-14,13,Révfülöp,1:005504507_0,,,34920,34980,34920,34980,0,0,SCHEDULED,09:42:00,09:43:00,09:42:00,09:43:00,2026-03-14 12:47:25.792279,mav_graphql_api,1.0
1:28937516,19702 KÉK HULLÁM InterCity,IC KÉK HULLÁM,Tapolca,,1:2022,2026-03-14,14,Balatonrendes,1:005504515_0,,,35280,35340,35280,35340,0,0,SCHEDULED,09:48:00,09:49:00,09:48:00,09:49:00,2026-03-14 12:47:25.792279,mav_graphql_api,1.0
1:28937516,19702 KÉK HULLÁM InterCity,IC KÉK HULLÁM,Tapolca,,1:2022,2026-03-14,15,Ábrahámhegy,1:005504523_0,,,35460,35520,35460,35520,0,0,SCHEDULED,09:51:00,09:52:00,09:51:00,09:52:00,2026-03-14 12:47:25.792279,mav_graphql_api,1.0
1:28937516,19702 KÉK HULLÁM InterCity,IC KÉK HULLÁM,Tapolca,,1:2022,2026-03-14,16,Badacsonytomaj,1:005504549_0,,,35880,36060,35880,36060,0,0,SCHEDULED,09:58:00,10:01:00,09:58:00,10:01:00,2026-03-14 12:47:25.792279,mav_graphql_api,1.0
1:28937516,19702 KÉK HULLÁM InterCity,IC KÉK HULLÁM,Tapolca,,1:2022,2026-03-14,17,Badacsony,1:005504556_0,,,36240,36300,36240,36300,0,0,SCHEDULED,10:04:00,10:05:00,10:04:00,10:05:00,2026-03-14 12:47:25.792279,mav_graphql_api,1.0
1:28937516,19702 KÉK HULLÁM InterCity,IC KÉK HULLÁM,Tapolca,,1:2022,2026-03-14,18,Badacsonylábdihegy,1:005504564_0,,,36480,36540,36480,36540,0,0,SCHEDULED,10:08:00,10:09:00,10:08:00,10:09:00,2026-03-14 12:47:25.792279,mav_graphql_api,1.0
1:28937516,19702 KÉK HULLÁM InterCity,IC KÉK HULLÁM,Tapolca,,1:2022,2026-03-14,19,Badacsonytördemic-Szigliget,1:005504572_0,,,36660,36720,36660,36720,0,0,SCHEDULED,10:11:00,10:12:00,10:11:00,10:12:00,2026-03-14 12:47:25.792279,mav_graphql_api,1.0
1:28937516,19702 KÉK HULLÁM InterCity,IC KÉK HULLÁM,Tapolca,,1:2022,2026-03-14,20,Nemesgulács-Kisapáti,1:005504580_0,,,36900,36960,36900,36960,0,0,SCHEDULED,10:15:00,10:16:00,10:15:00,10:16:00,2026-03-14 12:47:25.792279,mav_graphql_api,1.0
1:28937516,19702 KÉK HULLÁM InterCity,IC KÉK HULLÁM,Tapolca,,1:2022,2026-03-14,21,Tapolca,1:005504598_0,,,37440,37440,37440,37440,0,0,SCHEDULED,10:24:00,10:24:00,10:24:00,10:24:00,2026-03-14 12:47:25.792279,mav_graphql_api,1.0
1:28937517,19792 KÉK HULLÁM InterCity,IC KÉK HULLÁM,Tapolca,,1:2022,2026-03-14,0,Budapest-Déli,1:005501016_0,,,32700,32700,32700,32700,0,0,SCHEDULED,09:05:00,09:05:00,09:05:00,09:05:00,2026-03-14 12:47:25.792279,mav_graphql_api,1.0
1:28937517,19792 KÉK HULLÁM InterCity,IC KÉK HULLÁM,Tapolca,,1:2022,2026-03-14,1,Budapest-Kelenföld,1:005501024_0,,,33060,33120,33060,33120,0,0,SCHEDULED,09:11:00,09:12:00,09:11:00,09:12:00,2026-03-14 12:47:25.792279,mav_graphql_api,1.0
1:28937517,19792 KÉK HULLÁM InterCity,IC KÉK HULLÁM,Tapolca,,1:2022,2026-03-14,2,Székesfehérvár,1:005503269_0,,,35400,35460,35400,35460,0,0,SCHEDULED,09:50:00,09:51:00,09:50:00,09:51:00,2026-03-14 12:47:25.792279,mav_graphql_api,1.0
1:28937517,19792 KÉK HULLÁM InterCity,IC KÉK HULLÁM,Tapolca,,1:2022,2026-03-14,3,Balatonalmádi,1:005504366_0,,,38160,38220,38160,38220,0,0,SCHEDULED,10:36:00,10:37:00,10:36:00,10:37:00,2026-03-14 12:47:25.792279,mav_graphql_api,1.0
1:28937517,19792 KÉK HULLÁM InterCity,IC KÉK HULLÁM,Tapolca,,1:2022,2026-03-14,4,Balatonfüred,1:005504416_0,,,39060,39720,39060,39720,0,0,SCHEDULED,10:51:00,11:02:00,10:51:00,11:02:00,2026-03-14 12:47:25.792279,mav_graphql_api,1.0
1:28937517,19792 KÉK HULLÁM InterCity,IC KÉK HULLÁM,Tapolca,,1:2022,2026-03-14,5,Aszófő,1:005504424_0,,,40020,40080,40020,40080,0,0,SCHEDULED,11:07:00,11:08:00,11:07:00,11:08:00,2026-03-14 12:47:25.792279,mav_graphql_api,1.0
1:28937517,19792 KÉK HULLÁM InterCity,IC KÉK HULLÁM,Tapolca,,1:2022,2026-03-14,6,Örvényes,1:005504432_0,,,40200,40260,40200,40260,0,0,SCHEDULED,11:10:00,11:11:00,11:10:00,11:11:00,2026-03-14 12:47:25.792279,mav_graphql_api,1.0
1:28937517,19792 KÉK HULLÁM InterCity,IC KÉK HULLÁM,Tapolca,,1:2022,2026-03-14,7,Balatonudvari,1:005504440_0,,,40380,40440,40380,40440,0,0,SCHEDULED,11:13:00,11:14:00,11:13:00,11:14:00,2026-03-14 12:47:25.792279,mav_graphql_api,1.0
1:28937517,19792 KÉK HULLÁM InterCity,IC KÉK HULLÁM,Tapolca,,1:2022,2026-03-14,8,Fövenyes,1:005504457_0,,,40560,40620,40560,40620,0,0,SCHEDULED,11:16:00,11:17:00,11:16:00,11:17:00,2026-03-14 12:47:25.792279,mav_graphql_api,1.0
1:28937517,19792 KÉK HULLÁM InterCity,IC KÉK HULLÁM,Tapolca,,1:2022,2026-03-14,9,Balatonakali-Dörgicse,1:005504465_0,,,40860,40920,40860,40920,0,0,SCHEDULED,11:21:00,11:22:00,11:21:00,11:22:00,2026-03-14 12:47:25.792279,mav_graphql_api,1.0
1:28937517,19792 KÉK HULLÁM InterCity,IC KÉK HULLÁM,Tapolca,,1:2022,2026-03-14,10,Zánka-Erzsébettábor,1:005504309_0,,,41100,41160,41100,41160,0,0,SCHEDULED,11:25:00,11:26:00,11:25:00,11:26:00,2026-03-14 12:47:25.792279,mav_graphql_api,1.0
1:28937517,19792 KÉK HULLÁM InterCity,IC KÉK HULLÁM,Tapolca,,1:2022,2026-03-14,11,Zánka-Köveskál,1:005504473_0,,,41460,41640,41460,41640,0,0,SCHEDULED,11:31:00,11:34:00,11:31:00,11:34:00,2026-03-14 12:47:25.792279,mav_graphql_api,1.0
1:28937517,19792 KÉK HULLÁM InterCity,IC KÉK HULLÁM,Tapolca,,1:2022,2026-03-14,12,Balatonszepezd,1:005504481_0,,,41820,41880,41820,41880,0,0,SCHEDULED,11:37:00,11:38:00,11:37:00,11:38:00,2026-03-14 12:47:25.792279,mav_graphql_api,1.0
1:28937517,19792 KÉK HULLÁM InterCity,IC KÉK HULLÁM,Tapolca,,1:2022,2026-03-14,13,Révfülöp,1:005504507_0,,,42120,42180,42120,42180,0,0,SCHEDULED,11:42:00,11:43:00,11:42:00,11:43:00,2026-03-14 12:47:25.792279,mav_graphql_api,1.0
1:28937517,19792 KÉK HULLÁM InterCity,IC KÉK HULLÁM,Tapolca,,1:2022,2026-03-14,14,Balatonrendes,1:005504515_0,,,42480,42540,42480,42540,0,0,SCHEDULED,11:48:00,11:49:00,11:48:00,11:49:00,2026-03-14 12:47:25.792279,mav_graphql_api,1.0
1:28937517,19792 KÉK HULLÁM InterCity,IC KÉK HULLÁM,Tapolca,,1:2022,2026-03-14,15,Ábrahámhegy,1:005504523_0,,,42660,42720,42660,42720,0,0,SCHEDULED,11:51:00,11:52:00,11:51:00,11:52:00,2026-03-14 12:47:25.792279,mav_graphql_api,1.0
1:28937517,19792 KÉK HULLÁM InterCity,IC KÉK HULLÁM,Tapolca,,1:2022,2026-03-14,16,Badacsonytomaj,1:005504549_0,,,43080,43260,43080,43260,0,0,SCHEDULED,11:58:00,12:01:00,11:58:00,12:01:00,2026-03-14 12:47:25.792279,mav_graphql_api,1.0
1:28937517,19792 KÉK HULLÁM InterCity,IC KÉK HULLÁM,Tapolca,,1:2022,2026-03-14,17,Badacsony,1:005504556_0,,,43440,43500,43440,43500,0,0,SCHEDULED,12:04:00,12:05:00,12:04:00,12:05:00,2026-03-14 12:47:25.792279,mav_graphql_api,1.0
1:28937517,19792 KÉK HULLÁM InterCity,IC KÉK HULLÁM,Tapolca,,1:2022,2026-03-14,18,Badacsonylábdihegy,1:005504564_0,,,43680,43740,43680,43740,0,0,SCHEDULED,12:08:00,12:09:00,12:08:00,12:09:00,2026-03-14 12:47:25.792279,mav_graphql_api,1.0
1:28937517,19792 KÉK HULLÁM InterCity,IC KÉK HULLÁM,Tapolca,,1:2022,2026-03-14,19,Badacsonytördemic-Szigliget,1:005504572_0,,,43860,43920,43860,43920,0,0,SCHEDULED,12:11:00,12:12:00,12:11:00,12:12:00,2026-03-14 12:47:25.792279,mav_graphql_api,1.0
1:28937517,19792 KÉK HULLÁM InterCity,IC KÉK HULLÁM,Tapolca,,1:2022,2026-03-14,20,Nemesgulács-Kisapáti,1:005504580_0,,,44100,44160,44100,44160,0,0,SCHEDULED,12:15:00,12:16:00,12:15:00,12:16:00,2026-03-14 12:47:25.792279,mav_graphql_api,1.0
1:28937517,19792 KÉK HULLÁM InterCity,IC KÉK HULLÁM,Tapolca,,1:2022,2026-03-14,21,Tapolca,1:005504598_0,,,44640,44640,44640,44640,0,0,SCHEDULED,12:24:00,12:24:00,12:24:00,12:24:00,2026-03-14 12:47:25.792279,mav_graphql_api,1.0
1:28937621,19705 KÉK HULLÁM InterCity,IC KÉK HULLÁM,Budapest-Déli,,1:2019,2026-03-14,0,Szombathely,1:004302246_0,,,36120,36120,36120,36120,0,0,SCHEDULED,10:02:00,10:02:00,10:02:00,10:02:00,2026-03-14 12:47:25.792279,mav_graphql_api,1.0
1:28937621,19705 KÉK HULLÁM InterCity,IC KÉK HULLÁM,Budapest-Déli,,1:2019,2026-03-14,1,Sárvár,1:005502212_0,,,37200,37260,37200,37260,0,0,SCHEDULED,10:20:00,10:21:00,10:20:00,10:21:00,2026-03-14 12:47:25.792279,mav_graphql_api,1.0
1:28937621,19705 KÉK HULLÁM InterCity,IC KÉK HULLÁM,Budapest-Déli,,1:2019,2026-03-14,2,Celldömölk,1:005502170_0,,,38220,38460,38220,38460,0,0,SCHEDULED,10:37:00,10:41:00,10:37:00,10:41:00,2026-03-14 12:47:25.792279,mav_graphql_api,1.0
1:28937621,19705 KÉK HULLÁM InterCity,IC KÉK HULLÁM,Budapest-Déli,,1:2019,2026-03-14,3,Boba,1:005504093_0,,,39000,39060,39000,39060,0,0,SCHEDULED,10:50:00,10:51:00,10:50:00,10:51:00,2026-03-14 12:47:25.792279,mav_graphql_api,1.0
1:28937621,19705 KÉK HULLÁM InterCity,IC KÉK HULLÁM,Budapest-Déli,,1:2019,2026-03-14,4,Tapolca,1:005504598_0,,,41820,41880,41820,41880,0,0,SCHEDULED,11:37:00,11:38:00,11:37:00,11:38:00,2026-03-14 12:47:25.792279,mav_graphql_api,1.0
1:28937621,19705 KÉK HULLÁM InterCity,IC KÉK HULLÁM,Budapest-Déli,,1:2019,2026-03-14,5,Nemesgulács-Kisapáti,1:005504580_0,,,42240,42300,42240,42300,0,0,SCHEDULED,11:44:00,11:45:00,11:44:00,11:45:00,2026-03-14 12:47:25.792279,mav_graphql_api,1.0
1:28937621,19705 KÉK HULLÁM InterCity,IC KÉK HULLÁM,Budapest-Déli,,1:2019,2026-03-14,6,Badacsonytördemic-Szigliget,1:005504572_0,,,42480,42540,42480,42540,0,0,SCHEDULED,11:48:00,11:49:00,11:48:00,11:49:00,2026-03-14 12:47:25.792279,mav_graphql_api,1.0
1:28937621,19705 KÉK HULLÁM InterCity,IC KÉK HULLÁM,Budapest-Déli,,1:2019,2026-03-14,7,Badacsonylábdihegy,1:005504564_0,,,42660,42720,42660,42720,0,0,SCHEDULED,11:51:00,11:52:00,11:51:00,11:52:00,2026-03-14 12:47:25.792279,mav_graphql_api,1.0
1:28937621,19705 KÉK HULLÁM InterCity,IC KÉK HULLÁM,Budapest-Déli,,1:2019,2026-03-14,8,Badacsony,1:005504556_0,,,42960,43020,42960,43020,0,0,SCHEDULED,11:56:00,11:57:00,11:56:00,11:57:00,2026-03-14 12:47:25.792279,mav_graphql_api,1.0
1:28937621,19705 KÉK HULLÁM InterCity,IC KÉK HULLÁM,Budapest-Déli,,1:2019,2026-03-14,9,Badacsonytomaj,1:005504549_0,,,43200,43260,43200,43260,0,0,SCHEDULED,12:00:00,12:01:00,12:00:00,12:01:00,2026-03-14 12:47:25.792279,mav_graphql_api,1.0
1:28937621,19705 KÉK HULLÁM InterCity,IC KÉK HULLÁM,Budapest-Déli,,1:2019,2026-03-14,10,Ábrahámhegy,1:005504523_0,,,43560,43620,43560,43620,0,0,SCHEDULED,12:06:00,12:07:00,12:06:00,12:07:00,2026-03-14 12:47:25.792279,mav_graphql_api,1.0
1:28937621,19705 KÉK HULLÁM InterCity,IC KÉK HULLÁM,Budapest-Déli,,1:2019,2026-03-14,11,Balatonrendes,1:005504515_0,,,43740,43800,43740,43800,0,0,SCHEDULED,12:09:00,12:10:00,12:09:00,12:10:00,2026-03-14 12:47:25.792279,mav_graphql_api,1.0
1:28937621,19705 KÉK HULLÁM InterCity,IC KÉK HULLÁM,Budapest-Déli,,1:2019,2026-03-14,12,Révfülöp,1:005504507_0,,,44100,44160,44100,44160,0,0,SCHEDULED,12:15:00,12:16:00,12:15:00,12:16:00,2026-03-14 12:47:25.792279,mav_graphql_api,1.0
1:28937621,19705 KÉK HULLÁM InterCity,IC KÉK HULLÁM,Budapest-Déli,,1:2019,2026-03-14,13,Balatonszepezd,1:005504481_0,,,44400,44460,44400,44460,0,0,SCHEDULED,12:20:00,12:21:00,12:20:00,12:21:00,2026-03-14 12:47:25.792279,mav_graphql_api,1.0
1:28937621,19705 KÉK HULLÁM InterCity,IC KÉK HULLÁM,Budapest-Déli,,1:2019,2026-03-14,14,Zánka-Köveskál,1:005504473_0,,,44700,44760,44700,44760,0,0,SCHEDULED,12:25:00,12:26:00,12:25:00,12:26:00,2026-03-14 12:47:25.792279,mav_graphql_api,1.0
1:28937621,19705 KÉK HULLÁM InterCity,IC KÉK HULLÁM,Budapest-Déli,,1:2019,2026-03-14,15,Zánka-Erzsébettábor,1:005504309_0,,,44880,44940,44880,44940,0,0,SCHEDULED,12:28:00,12:29:00,12:28:00,12:29:00,2026-03-14 12:47:25.792279,mav_graphql_api,1.0
1:28937621,19705 KÉK HULLÁM InterCity,IC KÉK HULLÁM,Budapest-Déli,,1:2019,2026-03-14,16,Balatonakali-Dörgicse,1:005504465_0,,,45180,45240,45180,45240,0,0,SCHEDULED,12:33:00,12:34:00,12:33:00,12:34:00,2026-03-14 12:47:25.792279,mav_graphql_api,1.0
1:28937621,19705 KÉK HULLÁM InterCity,IC KÉK HULLÁM,Budapest-Déli,,1:2019,2026-03-14,17,Fövenyes,1:005504457_0,,,45480,45540,45480,45540,0,0,SCHEDULED,12:38:00,12:39:00,12:38:00,12:39:00,2026-03-14 12:47:25.792279,mav_graphql_api,1.0
1:28937621,19705 KÉK HULLÁM InterCity,IC KÉK HULLÁM,Budapest-Déli,,1:2019,2026-03-14,18,Balatonudvari,1:005504440_0,,,45660,45720,45660,45720,0,0,SCHEDULED,12:41:00,12:42:00,12:41:00,12:42:00,2026-03-14 12:47:25.792279,mav_graphql_api,1.0
1:28937621,19705 KÉK HULLÁM InterCity,IC KÉK HULLÁM,Budapest-Déli,,1:2019,2026-03-14,19,Örvényes,1:005504432_0,,,45840,45900,45840,45900,0,0,SCHEDULED,12:44:00,12:45:00,12:44:00,12:45:00,2026-03-14 12:47:25.792279,mav_graphql_api,1.0
1:28937621,19705 KÉK HULLÁM InterCity,IC KÉK HULLÁM,Budapest-Déli,,1:2019,2026-03-14,20,Aszófő,1:005504424_0,,,46020,46080,46020,46080,0,0,SCHEDULED,12:47:00,12:48:00,12:47:00,12:48:00,2026-03-14 12:47:25.792279,mav_graphql_api,1.0
1:28937621,19705 KÉK HULLÁM InterCity,IC KÉK HULLÁM,Budapest-Déli,,1:2019,2026-03-14,21,Balatonfüred,1:005504416_0,,,46500,47280,46500,47280,0,0,SCHEDULED,12:55:00,13:08:00,12:55:00,13:08:00,2026-03-14 12:47:25.792279,mav_graphql_api,1.0
1:28937621,19705 KÉK HULLÁM InterCity,IC KÉK HULLÁM,Budapest-Déli,,1:2019,2026-03-14,22,Balatonalmádi,1:005504366_0,,,48000,48060,48000,48060,0,0,SCHEDULED,13:20:00,13:21:00,13:20:00,13:21:00,2026-03-14 12:47:25.792279,mav_graphql_api,1.0
1:28937621,19705 KÉK HULLÁM InterCity,IC KÉK HULLÁM,Budapest-Déli,,1:2019,2026-03-14,23,Székesfehérvár,1:005503269_0,,,50760,50820,50760,50820,0,0,SCHEDULED,14:06:00,14:07:00,14:06:00,14:07:00,2026-03-14 12:47:25.792279,mav_graphql_api,1.0
1:28937621,19705 KÉK HULLÁM InterCity,IC KÉK HULLÁM,Budapest-Déli,,1:2019,2026-03-14,24,Budapest-Kelenföld,1:005501024_0,,,53160,53220,53160,53220,0,0,SCHEDULED,14:46:00,14:47:00,14:46:00,14:47:00,2026-03-14 12:47:25.792279,mav_graphql_api,1.0
