station_id,station_name,trip_id,train_number,route_name,route_short,headsign,scheduled_arrival,scheduled_departure,realtime_arrival,realtime_departure,arrival_delay,departure_delay,realtime_state,has_realtime,platform,service_date,collection_timestamp
1:005510017,Budapest-Keleti,1:30644817,73 TRAIANUS InterCity,IC MUNTENIA/TRAIANUS,"<span class=""MNR2007"">&#474;</span>",Bucureşti Nord,18600,18600,18600,18600,0,0,SCHEDULED,False,,2026-03-12,2026-03-12 17:24:30.041730
1:005510017,Budapest-Keleti,1:28520051,582 TOKAJ InterCity,IC TOKAJ,"<span class=""MNR2007"">&#474;</span>",Budapest-Nyugati,19500,19500,19500,19500,0,0,SCHEDULED,False,,2026-03-12,2026-03-12 17:24:30.041730
1:005510017,Budapest-Keleti,1:30542887,7400 BÉKÉS InterCity,IC BÉKÉS,"<span class=""MNR2007"">&#474;</span>",Lőkösháza,22200,22200,22200,22200,0,0,SCHEDULED,False,,2026-03-12,2026-03-12 17:24:30.041730
1:005510017,Budapest-Keleti,1:30365462,182 HERNÁD - ZEMPLÉN InterCity,IC HERNÁD/HERNÁD - ZEMPLÉN,"<span class=""MNR2007"">&#474;</span>",Hidasnémeti,23100,23100,23100,23100,0,0,SCHEDULED,False,,2026-03-12,2026-03-12 17:24:30.041730
1:005510017,Budapest-Keleti,1:30392637,520 HERNÁD - ZEMPLÉN InterCity,IC HERNÁD - ZEMPLÉN,"<span class=""MNR2007"">&#474;</span>",Sátoraljaújhely,23100,23100,23100,23100,0,0,SCHEDULED,False,,2026-03-12,2026-03-12 17:24:30.041730
1:005510017,Budapest-Keleti,1:30677971,367 HARGITA InterCity,IC CORONA/HARGITA,"<span class=""MNR2007"">&#474;</span>",Braşov,24000,24000,24000,24000,0,0,SCHEDULED,False,,2026-03-12,2026-03-12 17:24:30.041730
1:005510017,Budapest-Keleti,1:29849035,371 ZARÁND InterCity,IC KÖRÖS/MAROS/ZARÁND,"<span class=""MNR2007"">&#474;</span>",Arad,25800,25800,25800,25800,0,0,SCHEDULED,False,,2026-03-12,2026-03-12 17:24:30.041730
1:005510033,Budapest-Nyugati,1:28522035,682 TOKAJ InterCity,IC TOKAJ,"<span class=""MNR2007"">&#474;</span>",Budapest-Keleti,13800,13800,13800,13800,0,0,SCHEDULED,False,,2026-03-12,2026-03-12 17:24:31.103630
1:005510033,Budapest-Nyugati,1:28519560,720 NAPFÉNY InterCity,IC NAPFÉNY,"<span class=""MNR2007"">&#474;</span>",Szeged,16200,16200,16200,16200,0,0,SCHEDULED,False,,2026-03-12,2026-03-12 17:24:31.103630
1:005513912,Debrecen,1:28520054,609 NYÍRSÉG InterCity,IC NYÍRSÉG,"<span class=""MNR2007"">&#474;</span>",Budapest-Nyugati,21720,21840,21720,21840,0,0,SCHEDULED,False,,2026-03-12,2026-03-12 17:24:33.053050
1:005513912,Debrecen,1:28522070,639 KRASZNA InterCity,IC KRASZNA,"<span class=""MNR2007"">&#474;</span>",Debrecen,24300,24300,24300,24300,0,0,SCHEDULED,False,,2026-03-12,2026-03-12 17:24:33.053050
1:005513912,Debrecen,1:28522035,682 TOKAJ InterCity,IC TOKAJ,"<span class=""MNR2007"">&#474;</span>",Budapest-Keleti,24780,25020,24780,25020,0,0,SCHEDULED,False,,2026-03-12,2026-03-12 17:24:33.053050
1:005513912,Debrecen,1:28522844,639 NYÍRSÉG - KRASZNA InterCity,IC NYÍRSÉG - KRASZNA,"<span class=""MNR2007"">&#474;</span>",Budapest-Nyugati,24300,25440,24300,25440,0,0,SCHEDULED,False,,2026-03-12,2026-03-12 17:24:33.053050
1:005513912,Debrecen,1:28522039,619 NYÍRSÉG - KRASZNA InterCity,IC NYÍRSÉG/NYÍRSÉG - KRASZNA,"<span class=""MNR2007"">&#474;</span>",Budapest-Nyugati,24720,25440,24720,25440,0,0,SCHEDULED,False,,2026-03-12,2026-03-12 17:24:33.053050
1:005513912,Debrecen,1:28521999,580 TOKAJ InterCity,IC TOKAJ,"<span class=""MNR2007"">&#474;</span>",Budapest-Nyugati,28920,29040,28920,29040,0,0,SCHEDULED,False,,2026-03-12,2026-03-12 17:24:33.053050
1:005513912,Debrecen,1:28522032,600 NYÍRSÉG InterCity,IC NYÍRSÉG,"<span class=""MNR2007"">&#474;</span>",Nyíregyháza,28920,29040,28920,29040,0,0,SCHEDULED,False,,2026-03-12,2026-03-12 17:24:33.053050
1:005513912,Debrecen,1:28522027,650 TOKAJ InterCity,IC TOKAJ,"<span class=""MNR2007"">&#474;</span>",Budapest-Keleti,32100,32220,32100,32220,0,0,SCHEDULED,False,,2026-03-12,2026-03-12 17:24:33.053050
1:005513912,Debrecen,1:28520051,582 TOKAJ InterCity,IC TOKAJ,"<span class=""MNR2007"">&#474;</span>",Budapest-Nyugati,32520,32640,32520,32640,0,0,SCHEDULED,False,,2026-03-12,2026-03-12 17:24:33.053050
1:005513912,Debrecen,1:30677971,367 HARGITA InterCity,IC CORONA/HARGITA,"<span class=""MNR2007"">&#474;</span>",Braşov,34020,34800,34020,34800,0,0,SCHEDULED,False,,2026-03-12,2026-03-12 17:24:33.053050
1:005513912,Debrecen,1:28814242,34 LATORCA InterCity,IC LATORCA,"<span class=""MNR2007"">&#474;</span>",Mukachevo,35700,35820,35700,35820,0,0,SCHEDULED,False,,2026-03-12,2026-03-12 17:24:33.053050
1:005513912,Debrecen,1:28520057,617 NYÍRSÉG InterCity,IC NYÍRSÉG/NYÍRSÉG - KRASZNA,"<span class=""MNR2007"">&#474;</span>",Budapest-Nyugati,36120,36240,36120,36240,0,0,SCHEDULED,False,,2026-03-12,2026-03-12 17:24:33.053050
1:005511387,Miskolc-Tiszai,1:28521999,580 TOKAJ InterCity,IC TOKAJ,"<span class=""MNR2007"">&#474;</span>",Budapest-Nyugati,23160,23160,23160,23160,0,0,SCHEDULED,False,,2026-03-12,2026-03-12 17:24:33.999333
1:005511387,Miskolc-Tiszai,1:28522001,519 TOKAJ InterCity,IC TOKAJ,"<span class=""MNR2007"">&#474;</span>",Budapest-Keleti,23280,23700,23280,23700,0,0,SCHEDULED,False,,2026-03-12,2026-03-12 17:24:33.999333
1:005511387,Miskolc-Tiszai,1:28520139,507 ZEMPLÉN InterCity,IC ZEMPLÉN,"<span class=""MNR2007"">&#474;</span>",Miskolc-Tiszai,26280,26280,26280,26280,0,0,SCHEDULED,False,,2026-03-12,2026-03-12 17:24:33.999333
1:005511387,Miskolc-Tiszai,1:28520051,582 TOKAJ InterCity,IC TOKAJ,"<span class=""MNR2007"">&#474;</span>",Budapest-Nyugati,26820,27000,26820,27000,0,0,SCHEDULED,False,,2026-03-12,2026-03-12 17:24:33.999333
1:005511387,Miskolc-Tiszai,1:30371590.27010801,181 HERNÁD - ZEMPLÉN InterCity,IC HERNÁD - ZEMPLÉN,"<span class=""MNR2007"">&#474;</span>",Budapest-Keleti,25800,27300,25800,27300,0,0,SCHEDULED,False,,2026-03-12,2026-03-12 17:24:33.999333
1:005511387,Miskolc-Tiszai,1:30392650,507 HERNÁD - ZEMPLÉN InterCity,IC HERNÁD - ZEMPLÉN,"<span class=""MNR2007"">&#474;</span>",Budapest-Keleti,26280,27300,26280,27300,0,0,SCHEDULED,False,,2026-03-12,2026-03-12 17:24:33.999333
1:005511387,Miskolc-Tiszai,1:30365462,182 HERNÁD - ZEMPLÉN InterCity,IC HERNÁD/HERNÁD - ZEMPLÉN,"<span class=""MNR2007"">&#474;</span>",Hidasnémeti,30420,30660,30420,30660,0,0,SCHEDULED,False,,2026-03-12,2026-03-12 17:24:33.999333
1:005511387,Miskolc-Tiszai,1:28522035,682 TOKAJ InterCity,IC TOKAJ,"<span class=""MNR2007"">&#474;</span>",Budapest-Keleti,30540,30900,30540,30900,0,0,SCHEDULED,False,,2026-03-12,2026-03-12 17:24:33.999333
1:005511387,Miskolc-Tiszai,1:30392637,520 HERNÁD - ZEMPLÉN InterCity,IC HERNÁD - ZEMPLÉN,"<span class=""MNR2007"">&#474;</span>",Sátoraljaújhely,30420,31200,30420,31200,0,0,SCHEDULED,False,,2026-03-12,2026-03-12 17:24:33.999333
1:005511387,Miskolc-Tiszai,1:28521943,520 ZEMPLÉN InterCity,IC ZEMPLÉN,"<span class=""MNR2007"">&#474;</span>",Sátoraljaújhely,31200,31200,31200,31200,0,0,SCHEDULED,False,,2026-03-12,2026-03-12 17:24:33.999333
1:005511387,Miskolc-Tiszai,1:28522173,527 ZEMPLÉN InterCity,IC ZEMPLÉN,"<span class=""MNR2007"">&#474;</span>",Miskolc-Tiszai,33420,33420,33420,33420,0,0,SCHEDULED,False,,2026-03-12,2026-03-12 17:24:33.999333
1:005511387,Miskolc-Tiszai,1:28522029,560 TOKAJ InterCity,IC TOKAJ,"<span class=""MNR2007"">&#474;</span>",Budapest-Nyugati,34020,34200,34020,34200,0,0,SCHEDULED,False,,2026-03-12,2026-03-12 17:24:33.999333
1:005511387,Miskolc-Tiszai,1:30371592.27002888,183 HERNÁD InterCity,IC HERNÁD/HERNÁD - ZEMPLÉN,"<span class=""MNR2007"">&#474;</span>",Budapest-Keleti,33180,34500,33180,34500,0,0,SCHEDULED,False,,2026-03-12,2026-03-12 17:24:33.999333
1:005511387,Miskolc-Tiszai,1:30392653,527 HERNÁD - ZEMPLÉN InterCity,IC HERNÁD - ZEMPLÉN,"<span class=""MNR2007"">&#474;</span>",Budapest-Keleti,33420,34500,33420,34500,0,0,SCHEDULED,False,,2026-03-12,2026-03-12 17:24:33.999333
1:005511387,Miskolc-Tiszai,1:30371584,184 HERNÁD - ZEMPLÉN InterCity,IC HERNÁD/HERNÁD - ZEMPLÉN,"<span class=""MNR2007"">&#474;</span>",Hidasnémeti,37620,37860,37620,37860,0,0,SCHEDULED,False,,2026-03-12,2026-03-12 17:24:33.999333
1:005511387,Miskolc-Tiszai,1:28522027,650 TOKAJ InterCity,IC TOKAJ,"<span class=""MNR2007"">&#474;</span>",Budapest-Keleti,37740,38100,37740,38100,0,0,SCHEDULED,False,,2026-03-12,2026-03-12 17:24:33.999333
1:005511387,Miskolc-Tiszai,1:30392638,522 HERNÁD - ZEMPLÉN InterCity,IC HERNÁD - ZEMPLÉN,"<span class=""MNR2007"">&#474;</span>",Sátoraljaújhely,37620,38400,37620,38400,0,0,SCHEDULED,False,,2026-03-12,2026-03-12 17:24:33.999333
1:005511387,Miskolc-Tiszai,1:28519990,522 ZEMPLÉN InterCity,IC ZEMPLÉN,"<span class=""MNR2007"">&#474;</span>",Sátoraljaújhely,38400,38400,38400,38400,0,0,SCHEDULED,False,,2026-03-12,2026-03-12 17:24:33.999333
1:005513748,Szolnok,1:28520056,615 NYÍRSÉG InterCity,IC NYÍRSÉG/NYÍRSÉG - KRASZNA,"<span class=""MNR2007"">&#474;</span>",Budapest-Nyugati,62340,62460,62640,62760,300,300,MODIFIED,True,8,2026-03-12,2026-03-12 17:24:37.855251
1:005513748,Szolnok,1:28522035,682 TOKAJ InterCity,IC TOKAJ,"<span class=""MNR2007"">&#474;</span>",Budapest-Keleti,18600,19140,18600,19140,0,0,SCHEDULED,False,,2026-03-12,2026-03-12 17:24:37.855251
1:005513748,Szolnok,1:30644817,73 TRAIANUS InterCity,IC MUNTENIA/TRAIANUS,"<span class=""MNR2007"">&#474;</span>",Bucureşti Nord,23460,23520,23460,23520,0,0,SCHEDULED,False,,2026-03-12,2026-03-12 17:24:37.855251
1:005513748,Szolnok,1:28522032,600 NYÍRSÉG InterCity,IC NYÍRSÉG,"<span class=""MNR2007"">&#474;</span>",Nyíregyháza,23820,23940,23820,23940,0,0,SCHEDULED,False,,2026-03-12,2026-03-12 17:24:37.855251
1:005513748,Szolnok,1:28520054,609 NYÍRSÉG InterCity,IC NYÍRSÉG,"<span class=""MNR2007"">&#474;</span>",Budapest-Nyugati,26340,26460,26340,26460,0,0,SCHEDULED,False,,2026-03-12,2026-03-12 17:24:37.855251
1:005513748,Szolnok,1:30542887,7400 BÉKÉS InterCity,IC BÉKÉS,"<span class=""MNR2007"">&#474;</span>",Lőkösháza,27060,27120,27060,27120,0,0,SCHEDULED,False,,2026-03-12,2026-03-12 17:24:37.855251
1:005513748,Szolnok,1:28522027,650 TOKAJ InterCity,IC TOKAJ,"<span class=""MNR2007"">&#474;</span>",Budapest-Keleti,27420,27540,27420,27540,0,0,SCHEDULED,False,,2026-03-12,2026-03-12 17:24:37.855251
1:005513748,Szolnok,1:30677971,367 HARGITA InterCity,IC CORONA/HARGITA,"<span class=""MNR2007"">&#474;</span>",Braşov,28860,28920,28860,28920,0,0,SCHEDULED,False,,2026-03-12,2026-03-12 17:24:37.855251
1:005513748,Szolnok,1:28522039,619 NYÍRSÉG - KRASZNA InterCity,IC NYÍRSÉG/NYÍRSÉG - KRASZNA,"<span class=""MNR2007"">&#474;</span>",Budapest-Nyugati,29940,30060,29940,30060,0,0,SCHEDULED,False,,2026-03-12,2026-03-12 17:24:37.855251
1:005513748,Szolnok,1:28522844,639 NYÍRSÉG - KRASZNA InterCity,IC NYÍRSÉG - KRASZNA,"<span class=""MNR2007"">&#474;</span>",Budapest-Nyugati,29940,30060,29940,30060,0,0,SCHEDULED,False,,2026-03-12,2026-03-12 17:24:37.855251
1:005513748,Szolnok,1:30542842,759 BÉKÉS InterCity,IC BÉKÉS,"<span class=""MNR2007"">&#474;</span>",Budapest-Keleti,30480,30540,30480,30540,0,0,SCHEDULED,False,,2026-03-12,2026-03-12 17:24:37.855251
1:005513748,Szolnok,1:29849035,371 ZARÁND InterCity,IC KÖRÖS/MAROS/ZARÁND,"<span class=""MNR2007"">&#474;</span>",Arad,30660,30720,30660,30720,0,0,SCHEDULED,False,,2026-03-12,2026-03-12 17:24:37.855251
1:005513748,Szolnok,1:28814242,34 LATORCA InterCity,IC LATORCA,"<span class=""MNR2007"">&#474;</span>",Mukachevo,31020,31140,31020,31140,0,0,SCHEDULED,False,,2026-03-12,2026-03-12 17:24:37.855251
1:005511205,Hatvan,1:28520051,582 TOKAJ InterCity,IC TOKAJ,"<span class=""MNR2007"">&#474;</span>",Budapest-Nyugati,22140,22200,22140,22200,0,0,SCHEDULED,False,,2026-03-12,2026-03-12 17:24:38.800030
1:005511205,Hatvan,1:30365462,182 HERNÁD - ZEMPLÉN InterCity,IC HERNÁD/HERNÁD - ZEMPLÉN,"<span class=""MNR2007"">&#474;</span>",Hidasnémeti,25740,25800,25740,25800,0,0,SCHEDULED,False,,2026-03-12,2026-03-12 17:24:38.800030
1:005511205,Hatvan,1:30392637,520 HERNÁD - ZEMPLÉN InterCity,IC HERNÁD - ZEMPLÉN,"<span class=""MNR2007"">&#474;</span>",Sátoraljaújhely,25740,25800,25740,25800,0,0,SCHEDULED,False,,2026-03-12,2026-03-12 17:24:38.800030
1:005511205,Hatvan,1:28522001,519 TOKAJ InterCity,IC TOKAJ,"<span class=""MNR2007"">&#474;</span>",Budapest-Keleti,28440,28500,28440,28500,0,0,SCHEDULED,False,,2026-03-12,2026-03-12 17:24:38.800030
1:005511205,Hatvan,1:28522029,560 TOKAJ InterCity,IC TOKAJ,"<span class=""MNR2007"">&#474;</span>",Budapest-Nyugati,29340,29400,29340,29400,0,0,SCHEDULED,False,,2026-03-12,2026-03-12 17:24:38.800030
1:005511205,Hatvan,1:30371590.27010801,181 HERNÁD - ZEMPLÉN InterCity,IC HERNÁD - ZEMPLÉN,"<span class=""MNR2007"">&#474;</span>",Budapest-Keleti,32040,32100,32040,32100,0,0,SCHEDULED,False,,2026-03-12,2026-03-12 17:24:38.800030
1:005511205,Hatvan,1:30392650,507 HERNÁD - ZEMPLÉN InterCity,IC HERNÁD - ZEMPLÉN,"<span class=""MNR2007"">&#474;</span>",Budapest-Keleti,32040,32100,32040,32100,0,0,SCHEDULED,False,,2026-03-12,2026-03-12 17:24:38.800030
1:005511205,Hatvan,1:30371584,184 HERNÁD - ZEMPLÉN InterCity,IC HERNÁD/HERNÁD - ZEMPLÉN,"<span class=""MNR2007"">&#474;</span>",Hidasnémeti,32940,33000,32940,33000,0,0,SCHEDULED,False,,2026-03-12,2026-03-12 17:24:38.800030
1:005511205,Hatvan,1:30392638,522 HERNÁD - ZEMPLÉN InterCity,IC HERNÁD - ZEMPLÉN,"<span class=""MNR2007"">&#474;</span>",Sátoraljaújhely,32940,33000,32940,33000,0,0,SCHEDULED,False,,2026-03-12,2026-03-12 17:24:38.800030
1:005511205,Hatvan,1:28522035,682 TOKAJ InterCity,IC TOKAJ,"<span class=""MNR2007"">&#474;</span>",Budapest-Keleti,35640,35700,35640,35700,0,0,SCHEDULED,False,,2026-03-12,2026-03-12 17:24:38.800030
1:005511205,Hatvan,1:28522036,562 TOKAJ InterCity,IC TOKAJ,"<span class=""MNR2007"">&#474;</span>",Budapest-Nyugati,36540,36600,36540,36600,0,0,SCHEDULED,False,,2026-03-12,2026-03-12 17:24:38.800030
